zip,totkbtu,avgktbu,gascust,eleccust,gaskbtu,eleckbtu,totcust
92304,0,0,0,,0,,0
92365,0,0,0,,0,,0
93101,0,0,,0,,0,0
93105,0,0,,0,,0,0
93110,0,0,,0,,0,0
93111,0,0,,0,,0,0
93117,0,0,,0,,0,0
93201,9024671.76,27258.00683,0,3973,0,9024671.76,3973
93203,127447487.5,24886.82163,0,61453,0,127447487.5,61453
93204,135390092.2,54064.12785,29335,30051,78557500,56832592.16,716
93206,18304741.96,32460.01234,,6767,,18304741.96,6767
93210,122052518.4,26172.80594,0,55960,0,122052518.4,55960
93212,123681164.9,26633.89823,,55725,,123681164.9,55725
93219,4157388.932,30126.00675,,1656,,4157388.932,1656
93224,6227787.12,27185.68405,0,2749,0,6227787.12,2749
93230,39478958.85,40460.11668,,11709,,39478958.85,11709
93234,82682761.8,51239.05916,18265,19364,45790000,36892761.8,1099
93239,21072358.18,51817.27422,4236,4880,10808100,10264258.18,644
93240,0,0,,0,,0,0
93241,89388514.3,24201.5742,,44322,,89388514.3,44322
93242,34187936.33,32702.6892,,12545,,34187936.33,12545
93243,10982746.91,23280.86255,,5661,,10982746.91,5661
93245,330805652.5,29334.32721,,135325,,330805652.5,135325
93249,14256799.75,22195.32914,,7708,,14256799.75,7708
93250,66270310.4,24925.36357,,31905,,66270310.4,31905
93251,0,0,,0,,0,0
93252,28181817.3,48415.43416,4937,6985,13728500,14453317.3,2048
93254,8171398.8,25168.57947,,3896,,8171398.8,3896
93256,0,0,,0,,0,0
93263,161370229.5,26098.66644,0,74197,0,161370229.5,74197
93266,11877670.15,29479.22271,,4835,,11877670.15,4835
93268,323694460.8,55288.28185,61243,70256,181568000,142126460.8,9013
93274,0,0,,0,,0,0
93276,0,0,,0,,0,0
93277,0,0,,0,,0,0
93280,162894963.6,24968.25305,,78289,,162894963.6,78289
93286,13205446.54,35371.7318,,4480,,13205446.54,4480
93287,0,0,,0,,0,0
93291,0,0,,0,,0,0
93292,6041004.004,33345.0083,,2174,,6041004.004,2174
93301,330096566.6,53443.95153,64489,74118,181515100,148581466.6,9629
93304,1036114691,62254.03711,192659,199720,609296000,426818691,7061
93305,691156411.9,59844.26798,136719,138591,409415200,281741211.9,1872
93306,1452481511,61431.94337,266767,283725,787920300,664561211,16958
93307,1351192922,57043.85004,258540,284243,746099200,605093722.3,25703
93308,799375992.4,38572.94131,76257,248685,222884800,576491192.4,172428
93309,1087928133,44711.21277,158852,291988,424258300,663669832.8,133136
93311,850573393.3,50590.97371,117291,201753,359566500,491006893.3,84462
93312,633143081.7,30143.92886,0,252048,0,633143081.7,252048
93313,993565276.8,61787.60453,185230,192964,548586400,444978876.8,7734
93314,357061295.3,36664.60337,15570,116863,47021300,310039995.3,101293
93401,197553960.6,15356.42123,,154375,,197553960.6,154375
93402,93178587.78,14596.78668,,76602,,93178587.78,76602
93405,127954534.5,14994.81845,,102399,,127954534.5,102399
93420,227307132.9,18485.76537,,147556,,227307132.9,147556
93422,290674360.2,21651.85583,,161099,,290674360.2,161099
93424,13704779.09,18260.86488,,9006,,13704779.09,9006
93426,21471269.03,20690.21347,,12453,,21471269.03,12453
93427,43463485.63,22737.89465,,22938,,43463485.63,22938
93428,58781990.59,14211.1348,,49636,,58781990.59,49636
93429,0,0,,0,,0,0
93430,32192090.34,13853.50849,,27885,,32192090.34,27885
93432,19612718.51,26934.38111,,8738,,19612718.51,8738
93433,79769410.72,13646.29385,,70146,,79769410.72,70146
93434,25662003.44,12893.85928,,23883,,25662003.44,23883
93435,0,0,,0,,0,0
93436,87198549.4,17925.49068,,58374,,87198549.4,58374
93437,0,0,,0,,0,0
93440,14446571.78,21548.64653,,8045,,14446571.78,8045
93441,15318638.03,30244.10273,,6078,,15318638.03,6078
93442,84528529.74,13701.95946,,74029,,84528529.74,74029
93444,131069267.5,16219.93843,,96969,,131069267.5,96969
93445,38943380.62,14560.54113,,32095,,38943380.62,32095
93446,430239883,22220.07383,0,232352,0,430239883,232352
93449,80806552.95,16040.73771,,60451,,80806552.95,60451
93450,9508790.992,44090.22098,1612,2588,4630600,4878190.992,976
93451,41347885.26,26172.30843,0,18958,0,41347885.26,18958
93452,3061945.86,12626.58087,,2910,,3061945.86,2910
93453,31454576.31,24891.51383,,15164,,31454576.31,15164
93454,187786284.9,15718.71805,,143360,,187786284.9,143360
93455,268933273.6,16928.94836,0,190632,0,268933273.6,190632
93458,186258623.4,14387.53447,,155350,,186258623.4,155350
93460,75133553.62,34076.7497,,26458,,75133553.62,26458
93461,27123991.63,54275.12082,4151,5997,13684400,13439591.63,1846
93463,80824186.17,23568.48352,,41152,,80824186.17,41152
93465,95331563.2,24911.8869,0,45921,0,95331563.2,45921
93516,35588100,45258.28741,9436,,35588100,,9436
93523,15867100,37891.58209,5025,,15867100,,5025
93526,0,0,0,,0,,0
93555,449174300,34036.95125,158360,,449174300,,158360
93561,82614400,54951.10027,18041,0,82614400,0,18041
93562,22004400,29662.18827,8902,,22004400,,8902
93601,26593537.44,27885.56879,,11444,,26593537.44,11444
93602,48878916.49,25842.4901,,22697,,48878916.49,22697
93603,3999655.584,17835.69937,,2691,,3999655.584,2691
93604,22802648.49,20108.15563,,13608,,22802648.49,13608
93606,18005527.78,56979.51829,3614,3792,10497200,7508327.78,178
93608,8358233.096,26263.10478,0,3819,0,8358233.096,3819
93609,53867178.6,34967.33437,,18486,,53867178.6,18486
93610,339426339.6,56776.08134,53812,71740,161648000,177778339.6,17928
93611,1180840625,66913.57716,204125,211767,640889400,539951224.6,7642
93612,853834401.5,54334.46367,175029,188573,438894800,414939601.5,13544
93614,161909052.5,31266.13074,,62141,,161909052.5,62141
93615,36408329.45,24766.16708,,17641,,36408329.45,17641
93616,20387177.68,29758.6829,0,8221,0,20387177.68,8221
93618,238574822.8,27289.86505,,104907,,238574822.8,104907
93619,791084029.8,58182.56031,113282,163159,353540000,437544029.8,49877
93620,170351655.8,52245.76047,27767,39127,77882300,92469355.82,11360
93621,7132182.076,25709.27753,,3329,,7132182.076,3329
93622,139971501.1,52494.23424,26748,31997,75230200,64741301.08,5249
93623,2737495.368,12615.18603,,2604,,2737495.368,2604
93624,7016122.896,31807.13062,,2647,,7016122.896,2647
93625,144307200.2,56056.14408,22614,30892,70753000,73554200.24,8278
93626,26388077.04,32534.35985,,9733,,26388077.04,9733
93627,0,0,0,0,0,0,0
93628,2053314.304,7450.792757,,3307,,2053314.304,3307
93630,314024732.8,51852.77605,55591,72673,146826200,167198532.8,17082
93631,182315177.1,30137.64584,,72593,,182315177.1,72593
93633,1406736.892,6131.799021,,2753,,1406736.892,2753
93635,821766618.5,59415.91154,147779,165969,436850000,384916618.5,18190
93636,152768874.4,37691.2392,0,48638,0,152768874.4,48638
93637,736602696.6,57957.6188,131994,152512,374978700,361623996.6,20518
93638,631867677.9,46410.8078,105023,163376,265391500,366476177.9,58353
93640,162358572.3,55959.98584,31674,34816,95901100,66457472.25,3142
93641,5949531.696,18074.52667,,3950,,5949531.696,3950
93643,44633511.61,25197.69191,,21256,,44633511.61,21256
93644,121224364.5,27645.23707,,52620,,121224364.5,52620
93645,6015072.804,30598.08124,,2359,,6015072.804,2359
93646,63556456.78,24201.22744,,31514,,63556456.78,31514
93647,76218426.32,25853.55219,,35377,,76218426.32,35377
93648,99406538.68,25429.62894,,46909,,99406538.68,46909
93650,77555386.68,65873.77125,13809,14128,39709800,37845586.68,319
93651,22372552.24,34173.95963,,7856,,22372552.24,7856
93652,4306882.3,30873.70824,,1674,,4306882.3,1674
93653,14534052.04,29381.50683,,5936,,14534052.04,5936
93654,263538570.6,27811.40653,,113711,,263538570.6,113711
93656,57113696.6,32838.11793,,20871,,57113696.6,20871
93657,629136751.7,52375.68696,95989,144144,279492700,349644051.7,48155
93660,58054297.01,52577.47654,12445,13250,32057300,25996997.01,805
93662,480056837.5,50956.03837,76773,113052,223410500,256646337.5,36279
93664,6418613.456,18290.99061,,4211,,6418613.456,4211
93665,12158415.52,54238.28487,2365,2690,7042200,5116215.524,325
93666,4646465.012,25553.42811,,2182,,4646465.012,2182
93667,28424194.86,27997.237,0,12183,0,28424194.86,12183
93668,17808937.5,50260.40686,2569,4252,6572000,11236937.5,1683
93669,3823565.676,17654.0162,,2599,,3823565.676,2599
93673,4712285.904,25867.99215,,2186,,4712285.904,2186
93675,48773216.14,28810.16952,,20315,,48773216.14,20315
93701,191601254.7,50537.75265,43948,45495,112046800,79554454.72,1547
93702,727979977.1,57876.86071,148450,150937,417448200,310531777.1,2487
93703,641673342.3,58703.50546,124427,131169,364902500,276770842.3,6742
93704,795517781.9,64144.31397,146007,148824,460873800,334643981.9,2817
93705,813060005,61125.82031,153884,159617,452643000,360417005,5733
93706,623721701,55416.47845,106091,135062,315970100,307751601,28971
93710,700211124,57792.26841,139811,145392,372726900,327484224,5581
93711,1279741705,73218.74923,199227,209740,731351100,548390605.3,10513
93720,1297176255,66054.95797,228198,235654,722378500,574797755.4,7456
93721,82162290.74,48991.17957,18162,20125,38643500,43518790.74,1963
93722,1731074133,61310.41894,332118,338815,932530400,798543732.8,6697
93723,196702404.1,60003.78386,30722,39338,95313200,101389204.1,8616
93725,394379832.6,54574.11369,66709,86718,186396200,207983632.6,20009
93726,919568440.6,57924.65886,180358,190503,511244400,408324040.6,10145
93727,1496455789,60422.57845,281693,297198,803833700,692622089.3,15505
93728,364590663.7,62119.6644,67392,70430,203868100,160722563.7,3038
93730,337776044,75771.3487,52832,53494,194733700,143042344,662
93737,75415998.64,48823.47775,9668,18536,24148300,51267698.64,8868
93741,0,0,,0,,0,0
93901,538464128,49981.97323,117155,129278,388074100,150390028,12123
93905,658429160.7,47224.33031,156606,167311,479288000,179141160.7,10705
93906,893978728.1,49546.66465,202310,216518,624504400,269474328.1,14208
93907,355393744.9,46707.02391,64843,91308,208619700,146774044.9,26465
93908,323266136.4,62686.94671,39530,61882,197467300,125798836.4,22352
93920,7189919.94,24167.79812,0,3570,0,7189919.94,3570
93921,126558011.2,61615.39009,21552,24648,93667000,32891011.25,3096
93923,538504933.6,77798.95744,70196,83061,385186700,153318233.6,12865
93924,165595091.9,60983.30835,18817,32585,96003800,69591291.89,13768
93925,17844530.16,42293.96838,3118,5063,9764300,8080230.16,1945
93926,118470506.6,50305.9476,26139,28260,82231600,36238906.59,2121
93927,222937884.9,48192.36595,50268,55512,153873300,69064584.86,5244
93930,209947619.8,49411.06608,45005,50988,141139300,68808319.78,5983
93932,8546787.04,29037.78156,,3532,,8546787.04,3532
93933,425843912.7,49246.64103,100538,103766,297265900,128578012.7,3228
93940,740275452.5,51118.11158,146975,173780,535091400,205184052.5,26805
93943,0,0,0,0,0,0,0
93950,423886887.1,53673.55328,88802,94770,320061300,103825587.1,5968
93953,321546702.9,109255.0453,34831,35317,239780600,81766102.89,486
93954,2892028.26,24474.14606,,1418,,2892028.26,1418
93955,521224445.1,53927.20841,111793,115984,382961600,138262845.1,4191
93960,238001280.1,49605.13003,52950,57575,160381600,77619680.12,4625
93962,17774843.56,61046.97274,3494,3486,12985600,4789243.564,8
94002,667587091.5,58257.06191,122056,137512,476363800,191223291.5,15456
94005,102141210.7,51019.58577,22200,24024,71394000,30747210.7,1824
94010,1474412363,80244.13173,187061,220489,1053002600,421409763.4,33428
94014,711528322.8,48699.79281,151846,175326,482435100,229093222.8,23480
94015,1022391014,51240.60663,198445,239433,709034500,313356513.9,40988
94018,115020345.6,56968.96763,21183,24228,75439600,39580745.64,3045
94019,317957490.9,61668.46973,52039,61871,215139000,102818490.9,9832
94020,18468200.64,25677.02557,0,8631,0,18468200.64,8631
94021,0,0,,0,,0,0
94022,783768998.4,98170.5337,86021,95805,529002400,254766598.4,9784
94024,783522732.2,92628.66643,98270,101505,542583100,240939632.2,3235
94025,1179487250,70462.37138,188450,200871,833814200,345673050.1,12421
94027,560986454.1,213953.6438,30715,31464,376384500,184601954.1,749
94028,307899417.4,123143.3479,29096,30004,219729400,88170017.45,908
94030,514909207,56827.49615,93830,108731,363107000,151802207,14901
94037,67487341.26,58833.86089,10101,13765,40522800,26964541.26,3664
94038,60083470.7,54044.0483,7773,13341,36593700,23489770.7,5568
94040,730828885.6,49481.46621,128001,177237,483190600,247638285.6,49236
94041,313343382.1,45974.55079,68076,81787,215442600,97900782.14,13711
94043,565677322.3,43609.24506,109047,155658,370766000,194911322.3,46611
94044,831540589.1,54575.56454,163395,182838,593082600,238457989.1,19443
94060,14428515.47,24688.74742,,7013,,14428515.47,7013
94061,799603125.7,54966.24491,159246,174566,556024100,243579025.7,15320
94062,949841463.3,89114.47304,111654,127904,631978100,317863363.3,16250
94063,437272010.4,42962.46909,88943,122136,279265600,158006410.4,33193
94065,269853466.2,48680.72151,54735,66520,173358800,96494666.23,11785
94066,834486341.7,52566.34471,147932,190499,566495500,267990841.7,42567
94070,826091375.9,63455.18884,144632,156222,576726400,249364975.9,11590
94074,0,0,,0,,0,0
94080,1120576374,49918.94752,226569,269375,779636000,340940374.1,42806
94085,371031944.2,39626.75849,72565,112358,235762300,135269644.2,39793
94086,878083070.3,42814.34991,158655,246109,569610500,308472570.3,87454
94087,1219194951,54984.53259,222487,266081,842012900,377182051.2,43594
94089,308796451.4,57144.84411,43733,64845,162661300,146135151.4,21112
94102,462332729.5,35132.33379,70211,157917,312211400,150121329.5,87706
94103,432607709.1,30333.6012,75995,171140,270351100,162256609.1,95145
94104,3055811.084,11412.92655,0,3213,0,3055811.084,3213
94105,139305042,18387.07039,2505,90915,35680200,103624842,88410
94107,452524315.9,29621.2814,72118,183324,260949800,191574515.9,111206
94108,261978313.8,44237.52573,45870,71065,197488600,64489713.85,25195
94109,1416123141,47004.85632,255488,361526,1090697400,325425740.5,106038
94110,1143305584,40730.03231,289403,336844,827145600,316159983.7,47441
94111,18021580.08,17090.16603,0,12654,0,18021580.08,12654
94112,1172127290,57002.45784,240068,246753,832849000,339278289.9,6685
94114,825210045.6,45162.34031,187919,219265,604708000,220502045.6,31346
94115,897649406.6,51052.84478,139843,210993,654472700,243176706.6,71150
94116,803931596,54371.44103,168513,177431,582930600,221000996,8918
94117,906035690.4,44986.87638,206200,241680,679556800,226478890.4,35480
94118,948318112.6,50348.71848,192322,226020,709004800,239313312.6,33698
94121,889729298.7,47186.09966,193521,226269,658930400,230798898.7,32748
94122,1073753361,47808.07202,242515,269516,790317300,283436061.5,27001
94123,786791290.9,51478.38137,154817,183407,609080700,177710590.9,28590
94124,532860855.9,52945.90813,103785,120771,371313100,161547755.9,16986
94127,528471034.1,71063.68751,87251,89239,397792700,130678334.1,1988
94129,73152000,103798.5101,8457,0,73152000,0,8457
94130,0,0,,0,,0,0
94131,658204906.1,50284.63392,131935,157075,474970700,183234206.1,25140
94132,548784918.4,58876.71117,78009,111851,415414100,133370818.4,33842
94133,478813245.4,36976.85114,99655,155388,343258300,135554945.4,55733
94134,569628474.1,54695.27257,114366,124975,394647200,174981274.1,10609
94158,54752978.16,12121.08877,0,54206,0,54752978.16,54206
94301,0,0,,0,,0,0
94303,409802598.8,54702.95099,74357,89897,278773900,131028698.8,15540
94305,139523224,140908.8275,11109,11882,115412500,24110723.99,773
94306,0,0,0,,0,,0
94401,595154600.8,46761.00602,113870,152731,393300500,201854100.8,38861
94402,707705042,68410.8983,111796,124139,508080400,199624642,12343
94403,923895513.4,52564.74692,170895,210916,636580100,287315413.4,40021
94404,730963299.8,46765.18984,125615,187566,478674100,252289199.8,61951
94501,885539600,41988.43532,253081,,885539600,,253081
94502,209010100,38289.58842,65504,,209010100,,65504
94503,379429232.8,64842.14804,69361,70219,243666500,135762732.8,858
94505,415269947.6,73036.96919,67828,68229,242017800,173252147.6,401
94506,873252631.2,96911.4175,105766,108130,571885800,301366831.2,2364
94507,741234452.1,126992.5677,69235,70042,497381900,243852552.1,807
94508,78379848.31,78022.24635,9758,12055,50828600,27551248.31,2297
94509,1446192046,59789.44368,270041,290257,815636400,630555646.1,20216
94510,646389419.2,54678.36621,132945,141860,418153400,228236019.2,8915
94511,33904927.99,30146.64611,,13496,,33904927.99,13496
94512,0,0,0,0,0,0,0
94513,1434844510,65351.65094,251795,263469,823466300,611378210,11674
94514,57398972.37,55826.52524,8696,12338,25225300,32173672.37,3642
94515,171900115.4,60294.67396,21265,34212,85209200,86690915.45,12947
94517,352513491.4,73621.80893,52407,57458,215099900,137413591.4,5051
94518,641404937.2,60497.53389,120105,127226,403658200,237746737.2,7121
94519,433340429.2,59085.16249,85604,88010,276222200,157118229.2,2406
94520,649275674.9,46737.65978,138797,166703,400704900,248570774.9,27906
94521,1014638359,59161.14919,197409,205805,635357300,379281059,8396
94523,849400966.2,55720.04217,152172,182929,534743600,314657366.2,30757
94525,94627110.76,54365.17112,19789,20887,65661800,28965310.76,1098
94526,1114790895,84725.57658,153712,157892,739738300,375052594.7,4180
94528,66128794.26,161388.1495,4801,4917,43611000,22517794.26,116
94530,573939660.7,50640.24535,125814,136004,420185800,153753860.7,10190
94531,1000889904,71733.81061,165594,167434,530683900,470206003.8,1840
94533,1567876683,61231.23051,297384,307270,981023100,586853583.2,9886
94534,937711604.9,66521.66792,163008,169156,575781900,361929704.9,6148
94535,0,0,0,0,0,0,0
94536,1349749177,52142.38847,274412,310630,903095500,446653677.5,36218
94538,1039366281,44910.12633,200136,277719,645427700,393938581.1,77583
94539,1067326906,60503.48803,201488,211689,708732800,358594106.5,10201
94541,1162362708,50140.20242,247701,278187,769969800,392392907.6,30486
94542,328569977.6,62204.6183,52714,63385,215212600,113357377.6,10671
94544,1233359936,51852.89242,253945,285429,820784400,412575535.9,31484
94545,541614500.2,55667.72591,114697,116753,356353300,185261200.2,2056
94546,991048377.7,55704.25786,199094,213495,667325000,323723377.7,14401
94547,528247024.9,56703.20147,105398,111792,341963900,186283124.9,6394
94548,10959637.43,39458.64062,0,3333,0,10959637.43,3333
94549,1019146564,89644.5576,127457,136425,700923600,318222964.2,8968
94550,1243784068,65269.37394,216354,228674,785952600,457831467.9,12320
94551,827472341.5,56047.25567,162941,177166,493964600,333507741.5,14225
94552,329687549.7,61483.06208,59833,64347,212024600,117662949.7,4514
94553,1148622999,57090.7464,227460,241431,718673000,429949999.4,13971
94555,644122409.5,52186.29637,147155,148113,432691200,211431209.5,958
94556,516987744,80839.33294,71269,76743,366941400,150046344,5474
94558,1643689493,62964.94875,263485,313258,1023496200,620193292.9,49773
94559,613092415.3,54074.91867,126882,136054,402528700,210563715.3,9172
94560,777456266.5,51668.52306,168088,180564,505084700,272371566.5,12476
94561,865332954.5,61766.11341,151890,168118,480871200,384461754.5,16228
94562,8743031.632,64405.38955,,1629,,8743031.632,1629
94563,744590864,102150.3415,85299,87470,528525500,216065364,2171
94564,422585532.7,56738.12201,83404,89376,286576300,136009232.7,5972
94565,1782901694,58201.67771,351287,367598,1048140200,734761493.7,16311
94566,1154486300,69940.60785,180654,198080,738524600,415961700.2,17426
94567,9427547.072,29270.52131,,3865,,9427547.072,3865
94568,1232822223,54258.35734,246464,272656,786612000,446210223.2,26192
94569,0,0,0,0,0,0,0
94571,258146950.7,51088.70139,58235,60635,171265400,86881550.71,2400
94572,186458012.3,59251.01682,37763,36000,121459600,64998412.34,1763
94573,11188889.71,60617.00973,,2215,,11188889.71,2215
94574,290285976,72495.97736,38236,48050,168156500,122129476,9814
94576,16261963.72,74086.39508,2129,2634,10458800,5803163.72,505
94577,930410559.2,52337.6384,186493,213325,611237800,319172759.2,26832
94578,706352156.4,45766.47558,138028,185206,447963000,258389156.4,47178
94579,429657730.4,61958.69452,78945,83215,258298400,171359330.4,4270
94580,541122575.6,54999.11835,108244,118065,349346100,191776475.6,9821
94582,935540571.1,61389.86205,178022,182872,608510300,327030271.1,4850
94583,972996470,64171.94825,168833,181948,633000500,339995970,13115
94585,622467256.8,59402.34347,116082,125746,375321200,247146056.8,9664
94586,26737485.86,66483.59518,3321,4826,14394900,12342585.86,1505
94587,1197986221,53977.93194,237024,266328,788845000,409141221.4,29304
94588,771628114.2,60893.57146,129561,152061,487651800,283976314.2,22500
94589,594234153.2,59167.02488,113203,120520,391460300,202773853.2,7317
94590,785257650.9,50919.94256,170233,185057,527661300,257596350.9,14824
94591,1205054451,57758.28656,235629,250365,761486300,443568151.3,14736
94595,517236085.1,48247.38446,89785,128646,299783900,217452185.1,38861
94596,589582289.1,57390.0459,83537,123279,380918000,208664289.1,39742
94597,553663334,47802.40027,107157,138988,342444600,211218734,31831
94598,828602606,73531.01329,123271,135225,545014400,283588206,11954
94599,68448789.37,60205.63457,12258,13643,37381400,31067389.37,1385
94601,760984690.6,47641.19328,172158,191679,512057000,248927690.6,19521
94602,644941661,50740.19152,142506,152528,463904800,181036861,10022
94603,538744518,52100.85196,121331,124085,379373700,159370818,2754
94605,966309573.9,56357.17841,195231,205754,679548300,286761273.9,10523
94606,667566308.1,41775.11315,153326,191760,444774500,222791808.1,38434
94607,417721660.7,38023.08945,76325,131832,267001300,150720360.7,55507
94608,525660440.1,34662.35826,114833,181982,338350600,187309840.1,67149
94609,422066507.6,42135.37176,109443,120203,313577300,108489207.6,10760
94610,689327476.5,42425.80917,132281,194974,486574300,202753176.5,62693
94611,1113331743,62051.99611,179465,215303,805201400,308130343.3,35838
94612,217912563.4,30857.78906,32035,84742,133399200,84513363.4,52707
94613,0,0,0,0,0,0,0
94618,446582905.1,56570.65651,90675,94731,327559400,119023505.1,4056
94619,558845031.3,55673.87033,115602,120454,394599100,164245931.3,4852
94621,479524224,48746.58552,103625,118045,333594400,145929824,14420
94702,346450660.2,44457.1237,86643,93515,261471900,84978760.2,6872
94703,391495421,42327.26123,103187,110991,295677600,95817820.96,7804
94704,288078054.2,32974.39501,66611,104837,201868200,86209854.16,38226
94705,368535951.5,59983.06503,66839,73728,284373700,84162251.54,6889
94706,330656724.5,43780.12947,77612,90632,243705900,86950824.55,13020
94707,363487869,67050.78057,64217,65053,278186900,85300969.01,836
94708,364785208.2,72889.01189,59027,60056,280960400,83824808.15,1029
94709,224425684.5,41413.95706,52555,65029,170952800,53472884.47,12474
94710,133485662.8,38923.72253,34238,41153,95638800,37846862.77,6915
94720,0,0,0,0,0,0,0
94801,493173264.8,47696.05797,114244,124079,351865800,141307464.8,9835
94803,598786052.5,59828.74796,116752,120100,410078200,188707852.5,3348
94804,779691093.5,50477.96714,176177,185354,557341600,222349493.5,9177
94805,292880157.9,53857.23976,63941,65257,212680900,80199257.9,1316
94806,1062271711,49825.90615,238868,255836,724463300,337808410.6,16968
94901,972079188.9,60633.99711,159611,192383,674925700,297153488.9,32772
94903,801712820.8,64577.44383,129228,148977,560536000,241176820.8,19749
94904,308631527.6,80077.36933,41409,46250,213976100,94655427.63,4841
94920,501898117.8,84614.52695,63895,71179,359530200,142367917.8,7284
94922,6583269.752,35957.77743,,2197,,6583269.752,2197
94923,27691423.5,19534.24737,,17011,,27691423.5,17011
94924,6315461.872,19269.14377,,3933,,6315461.872,3933
94925,265498057.2,65714.62988,47218,48482,191686500,73811557.16,1264
94928,918818311.3,56810.98797,166514,194079,601147900,317670411.3,27565
94929,7728381.308,19074.57336,,4862,,7728381.308,4862
94930,24420859.14,67632.19703,4333,3044,19380100,5040759.144,1289
94931,212128940.1,56399.77137,40110,45134,133284700,78844240.1,5024
94933,6555236.76,23779.57712,,3308,,6555236.76,3308
94937,6297320.268,17359.9456,,4353,,6297320.268,4353
94938,0,0,,0,,0,0
94939,292097024.9,60668.17189,48188,57776,201484500,90612524.94,9588
94940,0,0,,0,,0,0
94941,927582740,70853.8166,141401,157098,673892300,253690440,15697
94945,478632292.2,65939.42306,81300,87104,322377200,156255092.2,5804
94946,5573433.76,29804.45861,,2244,,5573433.76,2244
94947,647551204.5,65358.59817,108637,118892,439957700,207593504.5,10255
94949,449524860.8,64617.07849,74760,83481,298063400,151461460.8,8721
94951,112891952.3,68627.32661,15499,19740,68428000,44463952.27,4241
94952,815545502.4,60297.99836,140128,162303,545498900,270046602.4,22175
94954,862099817.7,59808.51127,162558,172972,573863700,288236117.7,10414
94956,1519233.944,18640.90729,,978,,1519233.944,978
94957,119474731,143556.3004,9833,9987,83857600,35617131.01,154
94960,453959029.7,74155.10756,69659,73461,327558900,126400129.7,3802
94963,1612340.6,26323.92816,,735,,1612340.6,735
94964,0,0,0,0,0,0,0
94965,307495991.9,50511.30569,51999,73052,207211300,100284691.9,21053
94970,13614067.66,20782.19208,,7861,,13614067.66,7861
94971,4789342.512,20606.70855,,2789,,4789342.512,2789
94972,0,0,,0,,0,0
94973,10056194.42,27677.59933,,4360,,10056194.42,4360
95002,30395244.92,66851.7117,5345,5456,18381900,12013344.92,111
95003,611122049.7,54705.30232,113546,134054,405445400,205676649.7,20508
95004,50022072.21,38937.78325,5696,15416,21557800,28464272.21,9720
95005,149323616.8,64151.63258,19752,27932,91366600,57957016.76,8180
95006,134169987.3,36063.16157,7928,44645,34878300,99291687.35,36717
95007,22748670.84,73640.1538,2940,3707,15277800,7470870.844,767
95008,1009436721,49442.80763,191962,244995,637198600,372238121.2,53033
95010,227139278.2,45828.85815,49329,59475,162993900,64145378.22,10146
95012,141072279.1,52105.86197,25838,32489,93700600,47371679.14,6651
95013,0,0,0,0,0,0,0
95014,1292816180,57118.95642,222508,271605,864527200,428288979.8,49097
95017,3086505.436,20261.52365,0,1828,0,3086505.436,1828
95018,141667765.9,50615.21394,16317,33587,70954100,70713665.88,17270
95019,73892782.55,44415.61764,14427,19964,51099500,22793282.55,5537
95020,1169953316,60563.12058,199965,231815,714029600,455923716.4,31850
95023,925294025,55799.70903,175950,198989,578052400,347241625,23039
95030,542090292.6,97803.15599,60296,66512,355415900,186674392.6,6216
95032,773597649.7,69858.68831,118214,132885,500570000,273027649.7,14671
95033,105634940,32625.19379,,38854,,105634940,38854
95035,1181350502,50030.54875,247334,283351,745630800,435719701.7,36017
95037,1116290804,66815.7541,171587,200484,678556200,437734603.7,28897
95039,14690378.59,54883.10806,1709,3212,8627200,6063178.592,1503
95041,21158390.55,60858.26621,4002,4172,15297100,5861290.552,170
95043,5767470.788,25426.02846,0,2722,0,5767470.788,2722
95044,4906879.088,25757.89548,,2286,,4906879.088,2286
95045,70339192.55,47162.67031,10831,17897,37676700,32662492.55,7066
95046,144911502.1,82869.71148,16275,20984,83131800,61779702.14,4709
95050,460881300,40126.64771,137828,0,460881300,0,137828
95051,738082200,45631.98829,194096,,738082200,,194096
95054,262056400,38338.49605,82024,,262056400,,82024
95060,862831939.9,51159.83535,155491,202385,568472200,294359739.9,46894
95062,740159132,53216.95377,152805,166900,523058400,217100732,14095
95064,13852977.85,35211.97505,4664,4721,10009800,3843177.852,57
95065,156206046.5,53152.40056,24888,35266,92611000,63595046.5,10378
95066,344322359.3,64911.36946,49917,63654,223658600,120663759.3,13737
95070,1087471561,92351.65838,135767,141304,730268500,357203061.3,5537
95073,191812886.7,56907.92,29273,40447,111426600,80386286.68,11174
95075,13285686.47,64545.84521,1988,2470,7722400,5563286.472,482
95076,1137997066,48530.55662,218885,281389,722894600,415102466.5,62504
95110,271112208.9,38830.16456,52911,83784,158115200,112997008.9,30873
95111,797310924.8,53729.26327,145684,178073,476685800,320625124.8,32389
95112,827250370.3,40894.11056,163128,242749,495565500,331684870.3,79621
95113,36233725.49,27222.93425,1745,15972,12046600,24187125.49,14227
95116,637793340.2,47486.95536,140815,161171,400041700,237751640.2,20356
95117,546930478.8,45163.85157,112756,145319,361686400,185244078.8,32563
95118,663686177.7,53239.70622,130501,149592,422130700,241555477.7,19091
95119,203208485.8,59710.12586,37813,40839,130886700,72321785.84,3026
95120,1036247618,75712.65911,155742,164239,674914000,361333618.3,8497
95121,597195913,60467.88133,112855,118515,365088700,232107213,5660
95122,695220392,52377.22692,131754,159280,429068400,266151992,27526
95123,1317177048,54072.60223,246905,292313,811782300,505394747.9,45408
95124,1109260311,60143.69893,208492,221322,720667000,388593311.2,12830
95125,1300293913,60801.64812,225011,256630,840698100,459595813.1,31619
95126,645930914.7,40662.52047,118740,190622,385766000,260164914.7,71882
95127,980840053.2,58646.89845,183451,200694,618139400,362700653.2,17243
95128,687233905,46843.54933,137657,176050,444737500,242496405,38393
95129,779452052.8,50186.58622,143149,186373,523798000,255654052.8,43224
95130,282844523.4,53249.67493,58071,63740,190586500,92258023.36,5669
95131,487106216.5,50535.80653,106631,115666,298700500,188405716.5,9035
95132,710000426.7,55013.20523,146529,154872,457279800,252720626.7,8343
95133,429641345.1,49864.07603,85457,103395,264608900,165032445.1,17938
95134,510705288,39710.38144,102054,154329,315836800,194868488,52275
95135,482040790.2,61847.01518,88896,93529,315714600,166326190.2,4633
95136,856255961.2,54349.9293,140485,189054,515693200,340562761.2,48569
95138,446969468.6,71216.95334,71755,75314,284869600,162099868.6,3559
95139,148751084.7,61418.74604,27511,29063,93666600,55084484.67,1552
95140,3783324.548,32544.72729,0,1395,0,3783324.548,1395
95141,0,0,,0,,0,0
95148,775952863.3,62310.93358,145842,149435,480792600,295160263.3,3593
95202,115546624.4,36433.75708,26982,38057,64976400,50570224.42,11075
95203,327386322.1,54855.42552,69017,71618,201485600,125900722.1,2601
95204,750190351.1,61101.6148,143273,147333,460337000,289853351.1,4060
95205,673046795.3,60159.71117,131329,134252,408217100,264829695.3,2923
95206,1123730441,61162.88749,216545,220473,656968500,466761941.2,3928
95207,1136423254,56621.57165,219314,240846,682081600,454341653.9,21532
95209,958643178.6,68799.26166,166634,167207,563870500,394772678.6,573
95210,762006529.3,61454.20446,147060,148795,444821400,317185129.3,1735
95211,0,0,,0,,0,0
95212,603800916,78120.63733,88878,92749,330752900,273048016,3871
95215,432712673.3,61268.32816,67507,84751,228020000,204692673.3,17244
95219,739351749.2,62201.83538,140473,142636,441490400,297861349.2,2163
95220,150426051,58478.44408,12934,30868,50725200,99700850.98,17934
95222,78864896.35,32082.81091,,29498,,78864896.35,29498
95223,107186775.6,13760.56516,,93473,,107186775.6,93473
95224,6963482.56,28824.35002,,2899,,6963482.56,2899
95225,31968703.29,39313.83885,,9758,,31968703.29,9758
95227,25555982.64,55156.79706,1401,5560,6934300,18621682.64,4159
95228,76584602.16,26589.56763,,34563,,76584602.16,34563
95229,4711194.064,28380.68713,,1992,,4711194.064,1992
95230,5993089.288,32409.67619,,2219,,5993089.288,2219
95231,57979590.86,65243.35056,8744,10664,28236600,29742990.86,1920
95232,6250077.716,29845.17811,,2513,,6250077.716,2513
95233,6493158.832,24026.48967,,3243,,6493158.832,3243
95236,88692135.42,53471.9466,8082,19904,28738000,59954135.42,11822
95237,83240118.81,68318.27,13179,14621,48141100,35099018.81,1442
95240,652473413.4,46096.80701,169853,27799,568914400,83559013.35,142054
95242,496178507.7,48958.13983,121617,17635,444208500,51970007.66,103982
95245,20747580.42,31191.55162,,7982,,20747580.42,7982
95246,23038400.63,30267.2222,,9134,,23038400.63,9134
95247,65891670.53,28751.68344,,27501,,65891670.53,27501
95248,17517637.91,30159.49138,,6970,,17517637.91,6970
95249,77130905.92,47899.9571,9384,19323,27456700,49674205.92,9939
95251,9363807.5,30869.69505,,3640,,9363807.5,3640
95252,179747303.5,36031.73316,3239,59863,9541700,170205603.5,56624
95254,17766178.23,35788.84317,,5957,,17766178.23,5957
95255,30388906.35,27124.87922,,13444,,30388906.35,13444
95257,7238203.152,26130.6973,,3324,,7238203.152,3324
95258,113273773.5,76048.18629,17699,17874,69855200,43418573.47,175
95301,738434729.7,64138.28195,138158,136395,415895200,322539529.7,1763
95303,0,0,0,0,0,0,0
95304,281316656.9,68885.4402,36088,49006,138276500,143040156.9,12918
95306,14926404.75,28769.17073,,6226,,14926404.75,6226
95307,461545500,36260.31792,152744,0,461545500,0,152744
95309,3530478.288,27690.02579,,1530,,3530478.288,1530
95310,26096153.14,34698.48617,,9025,,26096153.14,9025
95311,30528208.07,24844.93027,,14745,,30528208.07,14745
95313,4989500,40702.92318,1471,0,4989500,0,1471
95315,96631300,34666.9736,33449,,96631300,,33449
95316,64669300,37768.60856,20547,0,64669300,0,20547
95317,9965001.9,45956.96495,,2602,,9965001.9,2602
95318,5701861.44,26326.40911,,2599,,5701861.44,2599
95319,37434900,34526.07793,13011,,37434900,,13011
95320,255851970.4,58266.25254,36508,52693,115549500,140302470.4,16185
95321,76845623.57,20765.81356,,44407,,76845623.57,44407
95322,186514605.1,51897.30937,30129,43127,87815200,98699405.09,12998
95323,6831000,36857.91367,2224,,6831000,,2224
95324,64369100,34656.73008,22288,0,64369100,0,22288
95325,0,0,,0,,0,0
95326,98571000,39283.0527,30111,,98571000,,30111
95327,79790322.87,29797.52511,,32133,,79790322.87,32133
95328,39492500,31579.26301,15007,,39492500,,15007
95329,34567756.76,28688.91909,,14459,,34567756.76,14459
95330,410419531.5,63346.12308,77748,73186,239110900,171308631.5,4562
95333,29995727.94,32830.05612,0,10964,0,29995727.94,10964
95334,223323488.6,59391.91223,45122,40503,132000500,91322988.64,4619
95335,6186239.196,9031.006126,,8220,,6186239.196,8220
95336,1031606783,60030.07204,197011,206218,577228300,454378483,9207
95337,782136375.9,61975.53179,143641,151441,431273800,350862575.9,7800
95338,153620629,27236.49288,,67683,,153620629,67683
95340,836979300.5,63252.18753,148122,158789,466908700,370070600.5,10667
95341,445663425.4,57734.65513,92630,88646,252675700,192987725.4,3984
95345,8322748.296,24436.74567,,4087,,8322748.296,4087
95346,26092260.05,16091.43389,,19458,,26092260.05,19458
95348,616998837.9,56973.46046,129955,113524,369205900,247792937.9,16431
95350,759260500,38539.67489,236409,,759260500,,236409
95351,437101500,37100.14146,141380,,437101500,,141380
95354,322204100,35538.19683,108797,,322204100,,108797
95355,835430500,38581.62814,259843,,835430500,,259843
95356,485639200,43270.49599,134680,0,485639200,0,134680
95357,109391300,39449.90533,33275,0,109391300,0,33275
95358,280286600,38596.78001,87143,,280286600,,87143
95360,242801660.4,57325.38316,44502,50826,126112400,116689260.4,6324
95361,703129662.2,62151.44556,112045,135758,345613700,357515962.2,23713
95363,272496751.2,38808.44794,84259,5264,259655000,12841751.22,78995
95364,9960358.168,9169.489683,,13035,,9960358.168,13035
95365,76090836.29,56159.05255,15481,16259,45276300,30814536.29,778
95366,362611535.4,63423.19299,68608,58591,222290200,140321335.4,10017
95367,468008853.9,57647.20747,97422,68661,306184900,161823953.9,28761
95368,153468800,35017.21935,52592,,153468800,,52592
95369,13597434.16,34336.95495,,4752,,13597434.16,4752
95370,375592779.2,27941.21365,,161307,,375592779.2,161307
95372,22409572.44,27751.7925,,9690,,22409572.44,9690
95374,26276774.18,46173.86004,,6829,,26276774.18,6829
95375,4307455.516,9797.093668,,5276,,4307455.516,5276
95376,1104752145,61404.9688,207598,215895,621228300,483523845,8297
95377,676246999.1,70252.12956,111742,115512,378143200,298103799.1,3770
95379,47565323.79,26087.01487,,21880,,47565323.79,21880
95380,436436800,34278.95512,152783,,436436800,,152783
95382,488565100,38739.13836,151340,,488565100,,151340
95383,60558485.92,19457.0626,,37349,,60558485.92,37349
95385,0,0,0,0,0,0,0
95386,88688700,33290.51268,31969,0,88688700,0,31969
95387,14868391.32,41726.07481,3250,4276,6861700,8006691.324,1026
95388,205816486.1,56814.83824,38771,43471,104187200,101629286.1,4700
95389,10285477.41,21965.78198,,5619,,10285477.41,5619
95391,231352700,45109.71663,61544,0,231352700,0,61544
95401,756958320.9,53955.72257,145660,168351,471514700,285443620.9,22691
95403,920187201.7,56273.67916,173755,196224,568572000,351615201.7,22469
95404,1004178215,60535.20838,168238,199060,630625300,373552915,30822
95405,594804108,60695.32896,109877,117598,410292200,184511908,7721
95407,699050011.7,58688.6265,134386,142934,422940200,276109811.7,8548
95409,814314055.5,65090.88204,141551,150125,550938500,263375555.5,8574
95410,15035308.96,36339.11532,,4965,,15035308.96,4965
95412,4267190.504,39880.28508,,1284,,4267190.504,1284
95415,14721606.27,24273.05239,,7278,,14721606.27,7278
95417,0,0,,0,,0,0
95419,7015549.68,26965.59775,,3122,,7015549.68,3122
95420,3988761.068,29062.01142,,1647,,3988761.068,1647
95421,21317971.28,23044.37937,,11101,,21317971.28,11101
95422,239543223.4,30910.46488,,92995,,239543223.4,92995
95423,72708576.98,28654.56743,,30449,,72708576.98,30449
95425,250525900.6,54926.84133,41717,54733,139832500,110693400.6,13016
95426,29056544.23,25016.39624,,13938,,29056544.23,13938
95427,3201216.876,34421.68684,,1116,,3201216.876,1116
95428,31291387.17,37955.79158,,9893,,31291387.17,9893
95429,0,0,,0,,0,0
95432,2591144.452,18183.46984,,1710,,2591144.452,1710
95435,5019168.008,33498.34043,,1798,,5019168.008,1798
95436,120835261.5,45720.42055,13300,31715,49076500,71758761.48,18415
95437,166561311.1,25705.55892,,77755,,166561311.1,77755
95439,16901396.38,66171.86186,2322,3065,9068700,7832696.384,743
95441,41593661.64,50244.00439,3635,9934,14661200,26932461.64,6299
95442,91625165.84,52317.37676,11968,21016,44489000,47136165.84,9048
95443,5043710.524,28739.0913,,2106,,5043710.524,2106
95444,19105388.31,64563.40742,3295,3551,11007600,8097788.312,256
95445,30835997.77,24240.54852,,15265,,30835997.77,15265
95446,83849323.37,26744.06295,,37623,,83849323.37,37623
95448,335296729,60812.85231,66163,33018,243310700,91986028.96,33145
95449,26507981.27,47258.32347,2713,6731,9419300,17088681.27,4018
95450,7056469.796,21053.61451,,4022,,7056469.796,4022
95451,179020031.2,32372.03139,,66361,,179020031.2,66361
95452,45096161.09,59605.01521,4826,9079,21513700,23582461.09,4253
95453,161235360,31045.10886,,62323,,161235360,62323
95454,29984714,36064.6054,,9977,,29984714,9977
95456,10702649,33647.31151,,3817,,10702649,3817
95457,46161845.36,33659.97109,,16457,,46161845.36,16457
95458,49179435.22,29694.73798,,19874,,49179435.22,19874
95459,8186858.572,21620.2251,,4544,,8186858.572,4544
95460,36928144.24,28286.59076,,15666,,36928144.24,15666
95461,33169413.39,30836.14508,,12908,,33169413.39,12908
95462,26855794,26759.90434,,12043,,26855794,12043
95463,361347.86,42932.41901,,101,,361347.86,101
95464,41026928.66,29169.51913,,16878,,41026928.66,16878
95465,26657143.94,41554.3943,,7698,,26657143.94,7698
95466,10752000.17,27387.81619,,4711,,10752000.17,4711
95467,83465988.58,32557.27028,,30764,,83465988.58,30764
95468,12563772.17,25402.7407,,5935,,12563772.17,5935
95469,20842389.66,33109.43552,,7554,,20842389.66,7554
95470,120227052.8,54551.54207,10604,26447,43896300,76330752.77,15843
95471,11978228.62,24478.66883,,5872,,11978228.62,5872
95472,358394654.1,66429.86436,44529,64741,191193900,167200754.1,20212
95476,984772415.2,64613.37283,158589,182892,623698300,361074115.2,24303
95480,0,0,,0,,0,0
95482,560668696.9,61467.84427,109456,63675,398149200,162519496.9,45781
95485,37395697.42,32205.27983,,13934,,37395697.42,13934
95486,2435864.332,15539.80435,,1881,,2435864.332,1881
95488,4709955.508,27277.7346,,2072,,4709955.508,2072
95490,250100626.3,48780.29282,29898,61525,113343200,136757426.3,31627
95492,640814426.6,65271.56079,107816,117812,402589600,238224826.6,9996
95493,0,0,,0,,0,0
95494,1846632.404,23228.08055,,954,,1846632.404,954
95497,33697765,17441.90735,,23184,,33697765,23184
95501,650176624.3,61411.76811,120807,127046,475391100,174785524.3,6239
95503,722913516.7,71501.26272,111645,121326,487763100,235150416.7,9681
95511,9087295.608,54091.04529,,2016,,9087295.608,2016
95514,0,0,,0,,0,0
95518,15993053.95,42515.87227,,4514,,15993053.95,4514
95519,481662442.5,67433.75346,76465,85713,293783300,187879142.5,9248
95521,460444357.2,54466.28505,86430,101445,307062500,153381857.2,15015
95524,55300139.77,75649.98601,6477,8772,34932100,20368039.77,2295
95525,43744250.66,56064.40328,7540,9363,27732400,16011850.66,1823
95526,13259127.54,25267.51317,0,6297,0,13259127.54,6297
95527,12191103.3,31379.93126,,4662,,12191103.3,4662
95528,35406478.82,73750.6936,3541,5761,14926000,20480478.82,2220
95536,33098955.59,26232.57823,,15141,,33098955.59,15141
95537,11360459.62,65572.63852,1920,2079,7012200,4348259.624,159
95540,364905306.5,63372.70327,62171,69097,242996000,121909306.5,6926
95542,45391115.5,51561.28228,,10564,,45391115.5,10564
95546,223472447.5,230087.4621,,11655,,223472447.5,11655
95547,33423470.91,62522.47092,3718,6415,15597900,17825570.91,2697
95549,19655624.41,56414.13368,0,4181,0,19655624.41,4181
95550,0,0,,0,,0,0
95551,36554090.85,53907.96242,4702,8137,19300900,17253190.85,3435
95552,6246836.316,31014.49557,0,2417,0,6246836.316,2417
95553,18555349.94,56542.45793,,3938,,18555349.94,3938
95554,12148760.38,48273.22004,,3020,,12148760.38,3020
95555,5631376.344,32457.50054,,2082,,5631376.344,2082
95556,8219753.664,29443.89372,,3350,,8219753.664,3350
95558,6889189.672,41007.08138,,2016,,6889189.672,2016
95560,31336306.15,47811.27448,,7865,,31336306.15,7865
95562,90470996.56,63674.60168,15726,17050,54729000,35741996.56,1324
95563,11747594.48,33508.7078,,4207,,11747594.48,4207
95564,0,0,0,0,0,0,0
95565,18332108.52,56133.0192,2966,3919,10855700,7476408.52,953
95568,0,0,,0,,0,0
95569,4891347.664,36939.06354,,1589,,4891347.664,1589
95570,53197693.02,42428.04176,,15046,,53197693.02,15046
95571,6564046.544,48712.77584,,1617,,6564046.544,1617
95573,36353583.91,34295.83388,,12720,,36353583.91,12720
95585,9084026.912,36000.10665,,3028,,9084026.912,3028
95587,0,0,,0,,0,0
95589,8740810.42,68465.87796,,1532,,8740810.42,1532
95595,0,0,,0,,0,0
95601,4782566.28,27940.99093,,2054,,4782566.28,2054
95602,336564708.5,44359.73576,20876,91046,89078100,247486608.5,70170
95603,756273383.1,62197.37098,111763,145911,428377300,327896083.1,34148
95605,299117080.7,55746.48955,59376,64388,185602700,113514380.7,5012
95606,9713892.348,39248.04989,0,2970,0,9713892.348,2970
95607,6179933.82,35860.35099,0,2068,0,6179933.82,2068
95608,1065313200,47900.77338,266880,,1065313200,,266880
95610,602002200,40835.16424,176907,,602002200,,176907
95612,24351780.54,50609.86603,1980,5774,7753100,16598680.54,3794
95613,5753771.608,27829.60874,,2481,,5753771.608,2481
95614,56321126.54,31897.93838,,21188,,56321126.54,21188
95615,0,0,,0,,0,0
95616,953261610,50891.96354,196196,224773,590592900,362668710,28577
95618,558769426.7,54803.25555,118526,122351,345430800,213338626.7,3825
95619,61014373.48,28792.81457,,25429,,61014373.48,25429
95620,428266533.1,57256.15987,77180,89758,234626000,193640533.1,12578
95621,506756200,37304.91626,163010,,506756200,,163010
95623,60243179.59,32897.29944,,21975,,60243179.59,21975
95624,775598800,43360.02311,214649,,775598800,,214649
95625,3137705.908,27166.28492,,1386,,3137705.908,1386
95626,44966607.38,49350.58428,10934,3117,34683300,10283307.38,7817
95627,73411865.28,55911.5501,11025,15756,33682800,39729065.28,4731
95628,770783200,48777.058,189626,,770783200,,189626
95629,13302736.31,29904.98983,,5338,,13302736.31,5338
95630,1208885600,43539.51792,333183,0,1208885600,0,333183
95631,84029845.47,33539.26977,,30065,,84029845.47,30065
95632,313925995.4,40358.59852,93341,4407,299503700,14422295.4,88934
95633,42935331.91,31653.49775,,16277,,42935331.91,16277
95634,41265052.14,29207.30363,0,16954,0,41265052.14,16954
95635,15899756.22,31788.91614,0,6002,0,15899756.22,6002
95636,15915420.72,23739.59585,,8045,,15915420.72,8045
95637,6494025.48,36775.98195,,2119,,6494025.48,2119
95640,163563906.3,48955.3507,21785,40093,65176300,98387606.3,18308
95641,40778743.46,45973.78068,4855,10644,13258500,27520243.46,5789
95642,175890368.6,50094.56551,25882,42134,85879700,90010668.62,16252
95645,16258630.38,32757.4823,,5956,,16258630.38,5956
95648,1361260399,61829.5689,239808,264196,780476900,580783498.7,24388
95650,321025273.2,63382.14315,30226,60779,132511700,188513573.2,30553
95651,11558634.5,30747.8639,,4511,,11558634.5,4511
95652,9357500,37206.75944,3018,,9357500,,3018
95653,6682726.14,39329.4329,,2039,,6682726.14,2039
95656,9287085.268,32701.00446,,3408,,9287085.268,3408
95658,108075839.4,42371.60456,2932,30608,11247500,96828339.36,27676
95659,9886655.556,32946.36675,,3601,,9886655.556,3601
95660,388874200,40435.77315,115405,0,388874200,0,115405
95661,525693331.2,44478.66411,141828,1363,521693000,4000331.16,140465
95662,480361500,45485.18898,126730,,480361500,,126730
95663,54153583.82,45954.5298,3700,14141,12872700,41280883.82,10441
95664,22733552.08,36681.81053,,7437,,22733552.08,7437
95665,69920829.68,30037.94638,,27933,,69920829.68,27933
95666,88007565.3,23271.65077,,45381,,88007565.3,45381
95667,504081162.1,31364.4228,,192861,,504081162.1,192861
95668,12046202.48,37304.36897,,3875,,12046202.48,3875
95669,35194401.27,31397.8749,,13451,,35194401.27,13451
95670,796635300,39714.60691,240708,,796635300,,240708
95672,67100293.05,35834.60243,,22470,,67100293.05,22470
95673,180734000,39562.34951,54820,,180734000,,54820
95674,10002059.63,36152.02277,,3320,,10002059.63,3320
95675,5396183.772,27779.58184,,2331,,5396183.772,2331
95676,5910375.584,40115.67138,,1768,,5910375.584,1768
95677,696532025.7,66604.91752,119358,125492,401955600,294576425.7,6134
95678,645645400,37633.43016,205874,0,645645400,0,205874
95679,0,0,,0,,0,0
95681,23403989.79,46070.84605,2528,6096,7113000,16290989.79,3568
95682,423177612.8,34555.92466,,146954,,423177612.8,146954
95684,50083526.5,30563.58412,,19664,,50083526.5,19664
95685,110049832.4,46877.92371,14136,28171,48225300,61824532.41,14035
95686,23905236.85,57418.50324,3846,4996,11541500,12363736.85,1150
95687,1396041910,58620.48267,278360,285779,813116900,582925009.8,7419
95688,884261107.7,59222.83654,149007,179173,464392200,419868907.7,30166
95689,21199339.45,27717.59353,,9178,,21199339.45,9178
95690,23195192.26,33442.54562,0,8323,0,23195192.26,8323
95691,863285719.2,61636.84987,152036,168072,511450000,351835719.2,16036
95692,109820500.5,55558.43196,17626,23720,53034100,56786400.5,6094
95694,179946094.3,51244.79404,30297,42138,85240500,94705594.26,11841
95695,866950761.5,56563.93784,153130,183923,489370100,377580661.5,30793
95697,10232539.8,58360.49318,1833,2104,5975500,4257039.804,271
95698,0,0,0,0,0,0,0
95701,12772678.7,24240.41505,,6323,,12772678.7,6323
95703,23009630.64,33792.13899,,8171,,23009630.64,8171
95709,66202868.81,30474.29613,,26069,,66202868.81,26069
95713,133231175.5,33018.19677,,48421,,133231175.5,48421
95714,5671395.692,21414.96171,,3178,,5671395.692,3178
95715,2820635.572,17286.83701,,1958,,2820635.572,1958
95717,2667975.868,26372.08436,,1214,,2667975.868,1214
95720,3591385.9,7762.361455,,5552,,3591385.9,5552
95721,1633720.192,5697.367714,,3441,,1633720.192,3441
95722,88584907.82,46648.18737,2669,22788,23742400,64842507.82,20119
95724,0,0,,0,,0,0
95726,118201847.8,27011.90556,,52511,,118201847.8,52511
95728,27179916.94,16007.01822,,20376,,27179916.94,20376
95735,4159712.504,6386.457273,,7816,,4159712.504,7816
95736,4485067.176,29917.06843,,1799,,4485067.176,1799
95742,178915500,39554.63439,54279,,178915500,,54279
95746,834024114,109839.979,91117,87030,527547400,306476714,4087
95747,1086145736,43861.63775,297156,6382,1065201600,20944135.5,290774
95757,615602300,40920.801,180525,,615602300,,180525
95758,902531400,39936.0485,271193,,902531400,,271193
95762,1338545879,80305.52522,171575,200018,801138300,537407578.6,28443
95765,959959513.5,67374.64198,169442,170977,576139000,383820513.5,1535
95776,462154491,56725.21292,95132,97767,276367000,185787491,2635
95811,68171800,24121.64888,33914,,68171800,,33914
95814,108451400,47702.39718,27282,,108451400,,27282
95815,311260000,38859.33062,96119,0,311260000,0,96119
95816,292449600,34084.37288,102962,,292449600,,102962
95817,202721800,34827.43633,69849,0,202721800,0,69849
95818,401258900,39801.50771,120978,,401258900,,120978
95819,357270100,44254.93621,96876,,357270100,,96876
95820,507984900,39334.9689,154972,,507984900,,154972
95821,590957300,44458.78613,159507,0,590957300,0,159507
95822,719531400,46057.87014,187468,,719531400,,187468
95823,791329300,40989.66016,231667,0,791329300,0,231667
95824,324010800,39891.34485,97468,,324010800,,97468
95825,422843200,48286.3081,105084,,422843200,,105084
95826,483556700,37652.11501,154113,,483556700,,154113
95827,197935500,43881.6509,54128,,197935500,,54128
95828,612650300,40008.72684,183755,,612650300,,183755
95829,388054300,43360.84847,107393,,388054300,,107393
95830,0,0,0,,0,,0
95831,651638500,43441.35996,180005,,651638500,,180005
95832,132323500,42694.18154,37192,,132323500,,37192
95833,397791100,37103.05235,128655,,397791100,,128655
95834,312711500,32611.76532,115067,0,312711500,0,115067
95835,560078700,38193.69438,175970,,560078700,,175970
95837,0,0,0,0,0,0,0
95838,416807700,38204.77245,130918,,416807700,,130918
95841,276069500,37096.14351,89304,,276069500,,89304
95842,345914300,36982.66765,112241,,345914300,,112241
95843,628842000,40830.80286,184814,,628842000,,184814
95864,579899600,58136.75531,119697,,579899600,,119697
95901,717463066.8,54476.72947,122760,158041,366704400,350758666.8,35281
95903,0,0,,0,,0,0
95910,0,0,,0,,0,0
95912,91418772,54643.61745,13417,20076,40388900,51029872,6659
95913,5487478.656,34476.30569,,1910,,5487478.656,1910
95914,20015030.84,36095.63722,,6654,,20015030.84,6654
95915,0,0,0,0,0,0,0
95916,28090862.93,31243.89241,,10789,,28090862.93,10789
95917,55656556.13,63390.15504,10536,6640,37571100,18085456.13,3896
95918,36362977.15,35652.89041,,12239,,36362977.15,12239
95919,17010399.76,29073.4649,,7021,,17010399.76,7021
95920,3308230.844,29319.62343,0,1354,0,3308230.844,1354
95922,9476949.42,24631.44749,,4617,,9476949.42,4617
95923,0,0,,0,,0,0
95925,3122686.284,24128.93458,,1553,,3122686.284,1553
95926,923314694.6,54214.56452,192573,204369,550244100,373070594.6,11796
95928,845827445,52700.07653,168666,192598,466528200,379299245,23932
95930,3296667.576,19148.11758,,2066,,3296667.576,2066
95932,184838000.2,59398.42544,31213,37342,101706200,83131800.24,6129
95934,3269705.952,22472.20586,,1746,,3269705.952,1746
95935,15199480.76,31786.99356,,5738,,15199480.76,5738
95936,4466833.448,18419.93174,,2910,,4466833.448,2910
95937,25404047.44,46484.99073,2953,6558,8401700,17002347.44,3605
95938,101775939.3,63530.54888,14280,19224,52274500,49501439.3,4944
95939,6006095.832,29369.66177,,2454,,6006095.832,2454
95941,7345725.508,29461.46594,,2992,,7345725.508,2992
95942,26150451.71,25217.40763,,12444,,26150451.71,12444
95943,11001557.26,33601.09116,0,3929,0,11001557.26,3929
95944,0,0,,0,,0,0
95945,614692171.9,52843.03249,83072,139589,319929700,294762471.9,56517
95946,174831506.8,35783.96495,3645,58629,19327000,155504506.8,54984
95947,24241430.88,21533.58284,,13509,,24241430.88,13509
95948,199454098.6,53901.65713,44404,20491,149232700,50221398.6,23913
95949,334101234.2,38914.21482,4625,103027,21066100,313035134.2,98402
95950,4990776.756,34281.23702,,1747,,4990776.756,1747
95951,47542065.5,59095.17154,9364,9654,30513200,17028865.5,290
95953,218933214.3,59394.53736,38761,44233,122548800,96384414.27,5472
95954,179375513.9,31649.38269,,68011,,179375513.9,68011
95955,29832967.18,54831.61374,4200,6529,12808800,17024167.18,2329
95956,6055218.396,21709.77614,,3347,,6055218.396,3347
95957,15097554.29,51556.81602,1926,3514,6273300,8824254.292,1588
95959,430751520.8,53324.5809,36979,96935,198310000,232441520.8,59956
95960,11770813.14,36822.14745,0,3836,0,11770813.14,3836
95961,536758816.8,62832.08765,98157,102513,299966300,236792516.8,4356
95962,20604638.09,31405.51976,,7873,,20604638.09,7873
95963,290509419.1,47280.86895,41023,73732,108831300,181678119.1,32709
95965,394213353.4,52372.07715,62061,90326,186609200,207604153.4,28265
95966,612575712.7,49271.46598,72910,149192,236749000,375826712.7,76282
95968,33842988.47,57038.74462,5724,7120,18526500,15316488.47,1396
95969,899944720.1,66267.01505,140851,162967,558751800,341192920.1,22116
95970,14660899.75,58898.82724,2113,2987,7142800,7518099.748,874
95971,57497911.69,23278.50676,,29640,,57497911.69,29640
95972,0,0,,0,,0,0
95973,801029599.9,54864.10164,142655,175203,412434900,388594699.9,32548
95974,9950457.848,67575.26552,1382,1767,5215100,4735357.848,385
95975,26260034.91,34008.24724,0,9266,0,26260034.91,9266
95977,26978155.14,37560.9539,,8619,,26978155.14,8619
95978,3629300.044,24035.09963,,1812,,3629300.044,1812
95979,9613057.512,23590.32518,,4890,,9613057.512,4890
95981,3070008.416,8243.47751,,4469,,3070008.416,4469
95982,79388349.51,61660.85399,14031,15450,41839600,37548749.51,1419
95983,7576107.16,25225.66202,,3604,,7576107.16,3604
95984,3639167.548,22721.12933,,1922,,3639167.548,1922
95986,2341781.844,20348.57504,,1381,,2341781.844,1381
95987,102796059.6,53428.30538,18379,23088,52772400,50023659.55,4709
95988,199728975.5,53586.14945,36302,44727,103679200,96049775.55,8425
95991,947985577.4,60678.19653,175187,187478,550171500,397814077.4,12291
95993,883620200.8,67220.58571,146853,157741,521402100,362218100.8,10888
96001,488167879.5,52233.74546,112150,21003,413893000,74274879.46,91147
96002,509551202.3,50016.06855,122253,24449,432511900,77039302.34,97804
96003,693394315.3,57038.58529,145879,60538,505849600,187544715.3,85341
96007,492598153.3,50772.41004,61382,116425,189307500,303290653.3,55043
96008,13230173.3,37215.67737,,4266,,13230173.3,4266
96009,4134108.856,26234.42955,,1891,,4134108.856,1891
96010,0,0,,0,,0,0
96013,133841602.8,70893.8086,20381,22655,94173800,39667802.82,2274
96016,6172004.332,24787.16599,,2988,,6172004.332,2988
96019,121492000,38611.79088,37758,0,121492000,0,37758
96020,34486039.36,19392.33703,,21340,,34486039.36,21340
96021,297183893.7,46104.80574,35338,77350,100077700,197106193.7,42012
96022,281609576.6,42695.61105,17418,79149,57693900,223915676.6,61731
96028,37037363.98,48012.13867,4408,9257,18353600,18683763.98,4849
96033,6181213.32,32151.95485,,2307,,6181213.32,2307
96035,51270005.41,42278.72903,5385,14552,14574000,36696005.41,9167
96040,4033103.42,23852.75556,,2029,,4033103.42,2029
96047,9616271.616,33283.89368,,3467,,9616271.616,3467
96051,19411219.44,26688.20271,,8728,,19411219.44,8728
96055,54121454.49,33877.07756,,19171,,54121454.49,19171
96056,26652357.57,37494.52413,1357,8530,6720600,19931757.57,7173
96059,8820115.536,30785.74358,,3438,,8820115.536,3438
96061,754437.556,5173.286098,,1750,,754437.556,1750
96062,18007990.08,40414.41574,,5347,,18007990.08,5347
96063,2429064.216,7606.67291,,3832,,2429064.216,3832
96065,4804457.672,23126.15005,,2493,,4804457.672,2493
96069,11248371.11,36481.20359,,3700,,11248371.11,3700
96071,3125586.484,15020.84013,,2497,,3125586.484,2497
96073,70508167.94,40135.57304,,21081,,70508167.94,21081
96075,4237291.148,21738.98836,,2339,,4237291.148,2339
96076,0,0,0,0,0,0,0
96080,623362673.3,50634.95191,88953,147731,261915200,361447473.3,58778
96084,10530186.05,36637.35362,,3449,,10530186.05,3449
96087,13758245.13,34706.52545,0,4757,0,13758245.13,4757
96088,67546449.58,27149.80389,0,29855,0,67546449.58,29855
96090,10910322.28,53351.20917,2016,2454,5583600,5326722.276,438
96092,7126982.188,38663.55617,,2212,,7126982.188,2212
96096,9096490.948,37115.91002,,2941,,9096490.948,2941
96125,4546588.948,9853.542961,,5537,,4546588.948,5537
96137,43728226.12,14878.18519,,35269,,43728226.12,35269
96161,0,0,,0,,0,0
