zip,totkbtu,avgktbu,totcust,gascust,eleccust,gaskbtu,eleckbtu
92304,0,0,0,0,,0,
92365,0,0,0,0,,0,
93101,0,0,0,,0,,0
93105,0,0,0,,0,,0
93110,0,0,0,,0,,0
93111,0,0,0,,0,,0
93117,0,0,0,,0,,0
93201,9024671.76,2271.500569,3973,,3973,,9024671.76
93203,127447487.5,2073.901802,61453,0,61453,0,127447487.5
93204,135390092.2,2279.831815,59386,29335,30051,78557500,56832592.16
93206,18304741.96,2705.001028,6767,,6767,,18304741.96
93210,122052518.4,2181.067162,55960,0,55960,0,122052518.4
93212,123681164.9,2219.491519,55725,,55725,,123681164.9
93219,4157388.932,2510.500563,1656,,1656,,4157388.932
93224,6227787.12,2265.47367,2749,0,2749,0,6227787.12
93230,39478958.85,3371.67639,11709,,11709,,39478958.85
93234,82682761.8,2197.314885,37629,18265,19364,45790000,36892761.8
93239,21072358.18,2311.579441,9116,4236,4880,10808100,10264258.18
93240,0,0,0,,0,,0
93241,89388514.3,2016.79785,44322,,44322,,89388514.3
93242,34187936.33,2725.2241,12545,,12545,,34187936.33
93243,10982746.91,1940.071879,5661,,5661,,10982746.91
93245,330805652.5,2444.527268,135325,,135325,,330805652.5
93249,14256799.75,1849.610761,7708,,7708,,14256799.75
93250,66270310.4,2077.113631,31905,,31905,,66270310.4
93251,0,0,0,,0,,0
93252,28181817.3,2363.849799,11922,4937,6985,13728500,14453317.3
93254,8171398.8,2097.381622,3896,,3896,,8171398.8
93256,0,0,0,,0,,0
93263,161370229.5,2174.88887,74197,0,74197,0,161370229.5
93266,11877670.15,2456.601893,4835,,4835,,11877670.15
93268,323694460.8,2461.573554,131499,61243,70256,181568000,142126460.8
93274,0,0,0,,0,,0
93276,0,0,0,,0,,0
93277,0,0,0,,0,,0
93280,162894963.6,2080.687754,78289,,78289,,162894963.6
93286,13205446.54,2947.644317,4480,,4480,,13205446.54
93287,0,0,0,,0,,0
93291,0,0,0,,0,,0
93292,6041004.004,2778.750692,2174,,2174,,6041004.004
93301,330096566.6,2381.528831,138607,64489,74118,181515100,148581466.6
93304,1036114691,2640.596696,392379,192659,199720,609296000,426818691
93305,691156411.9,2510.466063,275310,136719,138591,409415200,281741211.9
93306,1452481511,2638.515203,550492,266767,283725,787920300,664561211
93307,1351192922,2489.379591,542783,258540,284243,746099200,605093722.3
93308,799375992.4,2460.057464,324942,76257,248685,222884800,576491192.4
93309,1087928133,2413.113594,450840,158852,291988,424258300,663669832.8
93311,850573393.3,2666.006549,319044,117291,201753,359566500,491006893.3
93312,633143081.7,2511.994071,252048,0,252048,0,633143081.7
93313,993565276.8,2627.131252,378194,185230,192964,548586400,444978876.8
93314,357061295.3,2696.165573,132433,15570,116863,47021300,310039995.3
93401,197553960.6,1279.701769,154375,,154375,,197553960.6
93402,93178587.78,1216.39889,76602,,76602,,93178587.78
93405,127954534.5,1249.568204,102399,,102399,,127954534.5
93420,227307132.9,1540.480448,147556,,147556,,227307132.9
93422,290674360.2,1804.321319,161099,,161099,,290674360.2
93424,13704779.09,1521.73874,9006,,9006,,13704779.09
93426,21471269.03,1724.184456,12453,,12453,,21471269.03
93427,43463485.63,1894.824554,22938,,22938,,43463485.63
93428,58781990.59,1184.261234,49636,,49636,,58781990.59
93429,0,0,0,,0,,0
93430,32192090.34,1154.45904,27885,,27885,,32192090.34
93432,19612718.51,2244.531759,8738,,8738,,19612718.51
93433,79769410.72,1137.191155,70146,,70146,,79769410.72
93434,25662003.44,1074.488273,23883,,23883,,25662003.44
93435,0,0,0,,0,,0
93436,87198549.4,1493.79089,58374,,58374,,87198549.4
93437,0,0,0,,0,,0
93440,14446571.78,1795.720544,8045,,8045,,14446571.78
93441,15318638.03,2520.341894,6078,,6078,,15318638.03
93442,84528529.74,1141.829955,74029,,74029,,84528529.74
93444,131069267.5,1351.661536,96969,,96969,,131069267.5
93445,38943380.62,1213.378427,32095,,32095,,38943380.62
93446,430239883,1851.67282,232352,0,232352,0,430239883
93449,80806552.95,1336.728143,60451,,60451,,80806552.95
93450,9508790.992,2263.997855,4200,1612,2588,4630600,4878190.992
93451,41347885.26,2181.025702,18958,0,18958,0,41347885.26
93452,3061945.86,1052.215072,2910,,2910,,3061945.86
93453,31454576.31,2074.292819,15164,,15164,,31454576.31
93454,187786284.9,1309.893171,143360,,143360,,187786284.9
93455,268933273.6,1410.745696,190632,0,190632,0,268933273.6
93458,186258623.4,1198.961206,155350,,155350,,186258623.4
93460,75133553.62,2839.729141,26458,,26458,,75133553.62
93461,27123991.63,2672.841114,10148,4151,5997,13684400,13439591.63
93463,80824186.17,1964.040294,41152,,41152,,80824186.17
93465,95331563.2,2075.990575,45921,0,45921,0,95331563.2
93516,35588100,3771.523951,9436,9436,,35588100,
93523,15867100,3157.631841,5025,5025,,15867100,
93526,0,0,0,0,,0,
93555,449174300,2836.412604,158360,158360,,449174300,
93561,82614400,4579.258356,18041,18041,0,82614400,0
93562,22004400,2471.849023,8902,8902,,22004400,
93601,26593537.44,2323.7974,11444,,11444,,26593537.44
93602,48878916.49,2153.540842,22697,,22697,,48878916.49
93603,3999655.584,1486.308281,2691,,2691,,3999655.584
93604,22802648.49,1675.679636,13608,,13608,,22802648.49
93606,18005527.78,2431.20818,7406,3614,3792,10497200,7508327.78
93608,8358233.096,2188.592065,3819,0,3819,0,8358233.096
93609,53867178.6,2913.944531,18486,,18486,,53867178.6
93610,339426339.6,2703.472184,125552,53812,71740,161648000,177778339.6
93611,1180840625,2839.296319,415892,204125,211767,640889400,539951224.6
93612,853834401.5,2348.266515,363602,175029,188573,438894800,414939601.5
93614,161909052.5,2605.510895,62141,,62141,,161909052.5
93615,36408329.45,2063.847257,17641,,17641,,36408329.45
93616,20387177.68,2479.890242,8221,0,8221,0,20387177.68
93618,238574822.8,2274.155421,104907,,104907,,238574822.8
93619,791084029.8,2861.674028,276441,113282,163159,353540000,437544029.8
93620,170351655.8,2546.590962,66894,27767,39127,77882300,92469355.82
93621,7132182.076,2142.439795,3329,,3329,,7132182.076
93622,139971501.1,2382.696418,58745,26748,31997,75230200,64741301.08
93623,2737495.368,1051.265502,2604,,2604,,2737495.368
93624,7016122.896,2650.594218,2647,,2647,,7016122.896
93625,144307200.2,2697.028375,53506,22614,30892,70753000,73554200.24
93626,26388077.04,2711.196654,9733,,9733,,26388077.04
93627,0,0,0,0,0,0,0
93628,2053314.304,620.8993964,3307,,3307,,2053314.304
93630,314024732.8,2448.268671,128264,55591,72673,146826200,167198532.8
93631,182315177.1,2511.470487,72593,,72593,,182315177.1
93633,1406736.892,510.9832517,2753,,2753,,1406736.892
93635,821766618.5,2619.193169,313748,147779,165969,436850000,384916618.5
93636,152768874.4,3140.9366,48638,0,48638,0,152768874.4
93637,736602696.6,2589.058567,284506,131994,152512,374978700,361623996.6
93638,631867677.9,2354.210254,268399,105023,163376,265391500,366476177.9
93640,162358572.3,2441.849485,66490,31674,34816,95901100,66457472.25
93641,5949531.696,1506.210556,3950,,3950,,5949531.696
93643,44633511.61,2099.807659,21256,,21256,,44633511.61
93644,121224364.5,2303.769756,52620,,52620,,121224364.5
93645,6015072.804,2549.840103,2359,,2359,,6015072.804
93646,63556456.78,2016.768953,31514,,31514,,63556456.78
93647,76218426.32,2154.462682,35377,,35377,,76218426.32
93648,99406538.68,2119.135745,46909,,46909,,99406538.68
93650,77555386.68,2776.081422,27937,13809,14128,39709800,37845586.68
93651,22372552.24,2847.829969,7856,,7856,,22372552.24
93652,4306882.3,2572.80902,1674,,1674,,4306882.3
93653,14534052.04,2448.458902,5936,,5936,,14534052.04
93654,263538570.6,2317.617211,113711,,113711,,263538570.6
93656,57113696.6,2736.509827,20871,,20871,,57113696.6
93657,629136751.7,2619.951243,240133,95989,144144,279492700,349644051.7
93660,58054297.01,2259.361627,25695,12445,13250,32057300,25996997.01
93662,480056837.5,2528.944225,189825,76773,113052,223410500,256646337.5
93664,6418613.456,1524.249218,4211,,4211,,6418613.456
93665,12158415.52,2405.225623,5055,2365,2690,7042200,5116215.524
93666,4646465.012,2129.452343,2182,,2182,,4646465.012
93667,28424194.86,2333.103083,12183,0,12183,0,28424194.86
93668,17808937.5,2610.898328,6821,2569,4252,6572000,11236937.5
93669,3823565.676,1471.168017,2599,,2599,,3823565.676
93673,4712285.904,2155.666013,2186,,2186,,4712285.904
93675,48773216.14,2400.84746,20315,,20315,,48773216.14
93701,191601254.7,2142.160423,89443,43948,45495,112046800,79554454.72
93702,727979977.1,2431.568428,299387,148450,150937,417448200,310531777.1
93703,641673342.3,2510.498374,255596,124427,131169,364902500,276770842.3
93704,795517781.9,2698.216205,294831,146007,148824,460873800,334643981.9
93705,813060005,2593.484566,313501,153884,159617,452643000,360417005
93706,623721701,2586.414853,241153,106091,135062,315970100,307751601
93710,700211124,2455.132394,285203,139811,145392,372726900,327484224
93711,1279741705,3129.205303,408967,199227,209740,731351100,548390605.3
93720,1297176255,2796.530478,463852,228198,235654,722378500,574797755.4
93721,82162290.74,2145.957916,38287,18162,20125,38643500,43518790.74
93722,1731074133,2580.09985,670933,332118,338815,932530400,798543732.8
93723,196702404.1,2807.627806,70060,30722,39338,95313200,101389204.1
93725,394379832.6,2570.472163,153427,66709,86718,186396200,207983632.6
93726,919568440.6,2479.550129,370861,180358,190503,511244400,408324040.6
93727,1496455789,2585.038961,578891,281693,297198,803833700,692622089.3
93728,364590663.7,2645.373479,137822,67392,70430,203868100,160722563.7
93730,337776044,3176.796305,106326,52832,53494,194733700,143042344
93737,75415998.64,2673.94691,28204,9668,18536,24148300,51267698.64
93741,0,0,0,,0,,0
93901,538464128,2185.032556,246433,117155,129278,388074100,150390028
93905,658429160.7,2032.709492,323917,156606,167311,479288000,179141160.7
93906,893978728.1,2134.476988,418828,202310,216518,624504400,269474328.1
93907,355393744.9,2275.962017,156151,64843,91308,208619700,146774044.9
93908,323266136.4,3187.651721,101412,39530,61882,197467300,125798836.4
93920,7189919.94,2013.983176,3570,0,3570,0,7189919.94
93921,126558011.2,2739.350893,46200,21552,24648,93667000,32891011.25
93923,538504933.6,3513.737928,153257,70196,83061,385186700,153318233.6
93924,165595091.9,3221.569042,51402,18817,32585,96003800,69591291.89
93925,17844530.16,2181.216252,8181,3118,5063,9764300,8080230.16
93926,118470506.6,2177.806699,54399,26139,28260,82231600,36238906.59
93927,222937884.9,2107.561778,105780,50268,55512,153873300,69064584.86
93930,209947619.8,2187.11385,95993,45005,50988,141139300,68808319.78
93932,8546787.04,2419.81513,3532,,3532,,8546787.04
93933,425843912.7,2084.364049,204304,100538,103766,297265900,128578012.7
93940,740275452.5,2307.915551,320755,146975,173780,535091400,205184052.5
93943,0,0,0,0,0,0,0
93950,423886887.1,2309.104259,183572,88802,94770,320061300,103825587.1
93953,321546702.9,4583.832795,70148,34831,35317,239780600,81766102.89
93954,2892028.26,2039.512172,1418,,1418,,2892028.26
93955,521224445.1,2288.310255,227777,111793,115984,382961600,138262845.1
93960,238001280.1,2153.370551,110525,52950,57575,160381600,77619680.12
93962,17774843.56,2546.539193,6980,3494,3486,12985600,4789243.564
94002,667587091.5,2571.915997,259568,122056,137512,476363800,191223291.5
94005,102141210.7,2209.70082,46224,22200,24024,71394000,30747210.7
94010,1474412363,3617.745954,407550,187061,220489,1053002600,421409763.4
94014,711528322.8,2174.78367,327172,151846,175326,482435100,229093222.8
94015,1022391014,2334.876413,437878,198445,239433,709034500,313356513.9
94018,115020345.6,2532.874097,45411,21183,24228,75439600,39580745.64
94019,317957490.9,2791.304459,113910,52039,61871,215139000,102818490.9
94020,18468200.64,2139.752131,8631,0,8631,0,18468200.64
94021,0,0,0,,0,,0
94022,783768998.4,4310.544138,181826,86021,95805,529002400,254766598.4
94024,783522732.2,3922.02594,199775,98270,101505,542583100,240939632.2
94025,1179487250,3029.600895,389321,188450,200871,833814200,345673050.1
94027,560986454.1,9022.120878,62179,30715,31464,376384500,184601954.1
94028,307899417.4,5209.804018,59100,29096,30004,219729400,88170017.45
94030,514909207,2541.995779,202561,93830,108731,363107000,151802207
94037,67487341.26,2827.760884,23866,10101,13765,40522800,26964541.26
94038,60083470.7,2845.669731,21114,7773,13341,36593700,23489770.7
94040,730828885.6,2394.291948,305238,128001,177237,483190600,247638285.6
94041,313343382.1,2090.865538,149863,68076,81787,215442600,97900782.14
94043,565677322.3,2137.010341,264705,109047,155658,370766000,194911322.3
94044,831540589.1,2401.679184,346233,163395,182838,593082600,238457989.1
94060,14428515.47,2057.395618,7013,,7013,,14428515.47
94061,799603125.7,2395.369626,333812,159246,174566,556024100,243579025.7
94062,949841463.3,3964.974926,239558,111654,127904,631978100,317863363.3
94063,437272010.4,2071.603572,211079,88943,122136,279265600,158006410.4
94065,269853466.2,2225.503824,121255,54735,66520,173358800,96494666.23
94066,834486341.7,2465.750306,338431,147932,190499,566495500,267990841.7
94070,826091375.9,2745.821481,300854,144632,156222,576726400,249364975.9
94074,0,0,0,,0,,0
94080,1120576374,2259.481663,495944,226569,269375,779636000,340940374.1
94085,371031944.2,2006.413178,184923,72565,112358,235762300,135269644.2
94086,878083070.3,2169.370473,404764,158655,246109,569610500,308472570.3
94087,1219194951,2495.445775,488568,222487,266081,842012900,377182051.2
94089,308796451.4,2844.005704,108578,43733,64845,162661300,146135151.4
94102,462332729.5,2026.637368,228128,70211,157917,312211400,150121329.5
94103,432607709.1,1750.491469,247135,75995,171140,270351100,162256609.1
94104,3055811.084,951.0772126,3213,0,3213,0,3055811.084
94105,139305042,1491.169365,93420,2505,90915,35680200,103624842
94107,452524315.9,1771.534501,255442,72118,183324,260949800,191574515.9
94108,261978313.8,2240.375541,116935,45870,71065,197488600,64489713.85
94109,1416123141,2295.123191,617014,255488,361526,1090697400,325425740.5
94110,1143305584,1825.646404,626247,289403,336844,827145600,316159983.7
94111,18021580.08,1424.180502,12654,0,12654,0,18021580.08
94112,1172127290,2407.71719,486821,240068,246753,832849000,339278289.9
94114,825210045.6,2026.626895,407184,187919,219265,604708000,220502045.6
94115,897649406.6,2558.601189,350836,139843,210993,654472700,243176706.6
94116,803931596,2323.877842,345944,168513,177431,582930600,221000996
94117,906035690.4,2022.942954,447880,206200,241680,679556800,226478890.4
94118,948318112.6,2266.848924,418342,192322,226020,709004800,239313312.6
94121,889729298.7,2119.462823,419790,193521,226269,658930400,230798898.7
94122,1073753361,2097.047564,512031,242515,269516,790317300,283436061.5
94123,786791290.9,2326.243232,338224,154817,183407,609080700,177710590.9
94124,532860855.9,2372.953098,224556,103785,120771,371313100,161547755.9
94127,528471034.1,2994.339816,176490,87251,89239,397792700,130678334.1
94129,73152000,8649.875842,8457,8457,0,73152000,0
94130,0,0,0,,0,,0
94131,658204906.1,2277.446822,289010,131935,157075,474970700,183234206.1
94132,548784918.4,2890.471497,189860,78009,111851,415414100,133370818.4
94133,478813245.4,1877.382423,255043,99655,155388,343258300,135554945.4
94134,569628474.1,2379.987023,239341,114366,124975,394647200,174981274.1
94158,54752978.16,1010.090731,54206,0,54206,0,54752978.16
94301,0,0,0,,0,,0
94303,409802598.8,2494.932232,164254,74357,89897,278773900,131028698.8
94305,139523224,6068.6018,22991,11109,11882,115412500,24110723.99
94306,0,0,0,0,,0,
94401,595154600.8,2232.379477,266601,113870,152731,393300500,201854100.8
94402,707705042,2999.576333,235935,111796,124139,508080400,199624642
94403,923895513.4,2419.771859,381811,170895,210916,636580100,287315413.4
94404,730963299.8,2333.996315,313181,125615,187566,478674100,252289199.8
94501,885539600,3499.036277,253081,253081,,885539600,
94502,209010100,3190.799035,65504,65504,,209010100,
94503,379429232.8,2718.363897,139580,69361,70219,243666500,135762732.8
94505,415269947.6,3052.176276,136057,67828,68229,242017800,173252147.6
94506,873252631.2,4082.603841,213896,105766,108130,571885800,301366831.2
94507,741234452.1,5322.016213,139277,69235,70042,497381900,243852552.1
94508,78379848.31,3593.263114,21813,9758,12055,50828600,27551248.31
94509,1446192046,2581.112276,560298,270041,290257,815636400,630555646.1
94510,646389419.2,2352.174885,274805,132945,141860,418153400,228236019.2
94511,33904927.99,2512.220509,13496,,13496,,33904927.99
94512,0,0,0,0,0,0,0
94513,1434844510,2784.678359,515264,251795,263469,823466300,611378210
94514,57398972.37,2728.866234,21034,8696,12338,25225300,32173672.37
94515,171900115.4,3098.583475,55477,21265,34212,85209200,86690915.45
94517,352513491.4,3208.605939,109865,52407,57458,215099900,137413591.4
94518,641404937.2,2593.305882,247331,120105,127226,403658200,237746737.2
94519,433340429.2,2495.999339,173614,85604,88010,276222200,157118229.2
94520,649275674.9,2125.288625,305500,138797,166703,400704900,248570774.9
94521,1014638359,2516.37681,403214,197409,205805,635357300,379281059
94523,849400966.2,2534.761061,335101,152172,182929,534743600,314657366.2
94525,94627110.76,2326.362247,40676,19789,20887,65661800,28965310.76
94526,1114790895,3577.588525,311604,153712,157892,739738300,375052594.7
94528,66128794.26,6804.774054,9718,4801,4917,43611000,22517794.26
94530,573939660.7,2192.132171,261818,125814,136004,420185800,153753860.7
94531,1000889904,3005.422678,333028,165594,167434,530683900,470206003.8
94533,1567876683,2593.014655,604654,297384,307270,981023100,586853583.2
94534,937711604.9,2823.038032,332164,163008,169156,575781900,361929704.9
94535,0,0,0,0,0,0,0
94536,1349749177,2307.097913,585042,274412,310630,903095500,446653677.5
94538,1039366281,2175.066246,477855,200136,277719,645427700,393938581.1
94539,1067326906,2583.219556,413177,201488,211689,708732800,358594106.5
94541,1162362708,2210.285665,525888,247701,278187,769969800,392392907.6
94542,328569977.6,2830.084476,116099,52714,63385,215212600,113357377.6
94544,1233359936,2286.650702,539374,253945,285429,820784400,412575535.9
94545,541614500.2,2340.092894,231450,114697,116753,356353300,185261200.2
94546,991048377.7,2402.023267,412589,199094,213495,667325000,323723377.7
94547,528247024.9,2432.188521,217190,105398,111792,341963900,186283124.9
94548,10959637.43,3288.220052,3333,0,3333,0,10959637.43
94549,1019146564,3862.129907,263882,127457,136425,700923600,318222964.2
94550,1243784068,2794.844522,445028,216354,228674,785952600,457831467.9
94551,827472341.5,2432.976509,340107,162941,177166,493964600,333507741.5
94552,329687549.7,2654.91665,124180,59833,64347,212024600,117662949.7
94553,1148622999,2449.658875,468891,227460,241431,718673000,429949999.4
94555,644122409.5,2181.483972,295268,147155,148113,432691200,211431209.5
94556,516987744,3492.877226,148012,71269,76743,366941400,150046344
94558,1643689493,2849.951352,576743,263485,313258,1023496200,620193292.9
94559,613092415.3,2331.717282,262936,126882,136054,402528700,210563715.3
94560,777456266.5,2229.891888,348652,168088,180564,505084700,272371566.5
94561,865332954.5,2704.09788,320008,151890,168118,480871200,384461754.5
94562,8743031.632,5367.115796,1629,,1629,,8743031.632
94563,744590864,4309.748068,172769,85299,87470,528525500,216065364
94564,422585532.7,2445.801208,172780,83404,89376,286576300,136009232.7
94565,1782901694,2480.093052,718885,351287,367598,1048140200,734761493.7
94566,1154486300,3048.27742,378734,180654,198080,738524600,415961700.2
94567,9427547.072,2439.210109,3865,,3865,,9427547.072
94568,1232822223,2374.830912,519120,246464,272656,786612000,446210223.2
94569,0,0,0,0,0,0,0
94571,258146950.7,2171.674524,118870,58235,60635,171265400,86881550.71
94572,186458012.3,2527.798657,73763,37763,36000,121459600,64998412.34
94573,11188889.71,5051.417477,2215,,2215,,11188889.71
94574,290285976,3364.230304,86286,38236,48050,168156500,122129476
94576,16261963.72,3414.227109,4763,2129,2634,10458800,5803163.72
94577,930410559.2,2327.085222,399818,186493,213325,611237800,319172759.2
94578,706352156.4,2185.265648,323234,138028,185206,447963000,258389156.4
94579,429657730.4,2649.591332,162160,78945,83215,258298400,171359330.4
94580,541122575.6,2391.078462,226309,108244,118065,349346100,191776475.6
94582,935540571.1,2592.286298,360894,178022,182872,608510300,327030271.1
94583,972996470,2773.800377,350781,168833,181948,633000500,339995970
94585,622467256.8,2574.008207,241828,116082,125746,375321200,247146056.8
94586,26737485.86,3281.881166,8147,3321,4826,14394900,12342585.86
94587,1197986221,2380.01681,503352,237024,266328,788845000,409141221.4
94588,771628114.2,2739.942597,281622,129561,152061,487651800,283976314.2
94589,594234153.2,2542.471871,233723,113203,120520,391460300,202773853.2
94590,785257650.9,2210.187877,355290,170233,185057,527661300,257596350.9
94591,1205054451,2479.56652,485994,235629,250365,761486300,443568151.3
94595,517236085.1,2367.960981,218431,89785,128646,299783900,217452185.1
94596,589582289.1,2850.757625,206816,83537,123279,380918000,208664289.1
94597,553663334,2249.33813,246145,107157,138988,342444600,211218734
94598,828602606,3205.475543,258496,123271,135225,545014400,283588206
94599,68448789.37,2642.708365,25901,12258,13643,37381400,31067389.37
94601,760984690.6,2091.553884,363837,172158,191679,512057000,248927690.6
94602,644941661,2185.990974,295034,142506,152528,463904800,181036861
94603,538744518,2195.229806,245416,121331,124085,379373700,159370818
94605,966309573.9,2409.839704,400985,195231,205754,679548300,286761273.9
94606,667566308.1,1934.492585,345086,153326,191760,444774500,222791808.1
94607,417721660.7,2006.762495,208157,76325,131832,267001300,150720360.7
94608,525660440.1,1771.003622,296815,114833,181982,338350600,187309840.1
94609,422066507.6,1837.900541,229646,109443,120203,313577300,108489207.6
94610,689327476.5,2106.392497,327255,132281,194974,486574300,202753176.5
94611,1113331743,2820.217807,394768,179465,215303,805201400,308130343.3
94612,217912563.4,1866.057215,116777,32035,84742,133399200,84513363.4
94613,0,0,0,0,0,0,0
94618,446582905.1,2408.675583,185406,90675,94731,327559400,119023505.1
94619,558845031.3,2367.425659,236056,115602,120454,394599100,164245931.3
94621,479524224,2163.234646,221670,103625,118045,333594400,145929824
94702,346450660.2,1923.03789,180158,86643,93515,261471900,84978760.2
94703,391495421,1827.897454,214178,103187,110991,295677600,95817820.96
94704,288078054.2,1680.264886,171448,66611,104837,201868200,86209854.16
94705,368535951.5,2621.781439,140567,66839,73728,284373700,84162251.54
94706,330656724.5,1965.340366,168244,77612,90632,243705900,86950824.55
94707,363487869,2811.850151,129270,64217,65053,278186900,85300969.01
94708,364785208.2,3063.28534,119083,59027,60056,280960400,83824808.15
94709,224425684.5,1908.64135,117584,52555,65029,170952800,53472884.47
94710,133485662.8,1770.578222,75391,34238,41153,95638800,37846862.77
94720,0,0,0,0,0,0,0
94801,493173264.8,2069.348174,238323,114244,124079,351865800,141307464.8
94803,598786052.5,2528.102159,236852,116752,120100,410078200,188707852.5
94804,779691093.5,2156.636896,361531,176177,185354,557341600,222349493.5
94805,292880157.9,2266.909379,129198,63941,65257,212680900,80199257.9
94806,1062271711,2147.28749,494704,238868,255836,724463300,337808410.6
94901,972079188.9,2761.635678,351994,159611,192383,674925700,297153488.9
94903,801712820.8,2881.734048,278205,129228,148977,560536000,241176820.8
94904,308631527.6,3520.819626,87659,41409,46250,213976100,94655427.63
94920,501898117.8,3715.727067,135074,63895,71179,359530200,142367917.8
94922,6583269.752,2996.481453,2197,,2197,,6583269.752
94923,27691423.5,1627.853948,17011,,17011,,27691423.5
94924,6315461.872,1605.761981,3933,,3933,,6315461.872
94925,265498057.2,2774.274369,95700,47218,48482,191686500,73811557.16
94928,918818311.3,2548.07584,360593,166514,194079,601147900,317670411.3
94929,7728381.308,1589.54778,4862,,4862,,7728381.308
94930,24420859.14,3310.405198,7377,4333,3044,19380100,5040759.144
94931,212128940.1,2488.491156,85244,40110,45134,133284700,78844240.1
94933,6555236.76,1981.631427,3308,,3308,,6555236.76
94937,6297320.268,1446.662134,4353,,4353,,6297320.268
94938,0,0,0,,0,,0
94939,292097024.9,2756.568504,105964,48188,57776,201484500,90612524.94
94940,0,0,0,,0,,0
94941,927582740,3107.490276,298499,141401,157098,673892300,253690440
94945,478632292.2,2842.167004,168404,81300,87104,322377200,156255092.2
94946,5573433.76,2483.704884,2244,,2244,,5573433.76
94947,647551204.5,2846.016132,227529,108637,118892,439957700,207593504.5
94949,449524860.8,2840.760996,158241,74760,83481,298063400,151461460.8
94951,112891952.3,3203.608283,35239,15499,19740,68428000,44463952.27
94952,815545502.4,2696.63329,302431,140128,162303,545498900,270046602.4
94954,862099817.7,2569.367322,335530,162558,172972,573863700,288236117.7
94956,1519233.944,1553.408941,978,,978,,1519233.944
94957,119474731,6027.988446,19820,9833,9987,83857600,35617131.01
94960,453959029.7,3171.876954,143120,69659,73461,327558900,126400129.7
94963,1612340.6,2193.66068,735,,735,,1612340.6
94964,0,0,0,0,0,0,0
94965,307495991.9,2458.964678,125051,51999,73052,207211300,100284691.9
94970,13614067.66,1731.84934,7861,,7861,,13614067.66
94971,4789342.512,1717.225712,2789,,2789,,4789342.512
94972,0,0,0,,0,,0
94973,10056194.42,2306.466611,4360,,4360,,10056194.42
95002,30395244.92,2814.113964,10801,5345,5456,18381900,12013344.92
95003,611122049.7,2468.182753,247600,113546,134054,405445400,205676649.7
95004,50022072.21,2369.366816,21112,5696,15416,21557800,28464272.21
95005,149323616.8,3131.524552,47684,19752,27932,91366600,57957016.76
95006,134169987.3,2552.070214,52573,7928,44645,34878300,99291687.35
95007,22748670.84,3422.396697,6647,2940,3707,15277800,7470870.844
95008,1009436721,2310.151162,436957,191962,244995,637198600,372238121.2
95010,227139278.2,2087.60044,108804,49329,59475,162993900,64145378.22
95012,141072279.1,2418.644524,58327,25838,32489,93700600,47371679.14
95013,0,0,0,0,0,0,0
95014,1292816180,2616.438304,494113,222508,271605,864527200,428288979.8
95017,3086505.436,1688.460304,1828,0,1828,0,3086505.436
95018,141667765.9,2838.805825,49904,16317,33587,70954100,70713665.88
95019,73892782.55,2148.60814,34391,14427,19964,51099500,22793282.55
95020,1169953316,2709.605161,431780,199965,231815,714029600,455923716.4
95023,925294025,2467.852171,374939,175950,198989,578052400,347241625
95030,542090292.6,4274.890327,126808,60296,66512,355415900,186674392.6
95032,773597649.7,3080.847195,251099,118214,132885,500570000,273027649.7
95033,105634940,2718.766149,38854,,38854,,105634940
95035,1181350502,2226.086099,530685,247334,283351,745630800,435719701.7
95037,1116290804,3000.20911,372071,171587,200484,678556200,437734603.7
95039,14690378.59,2985.242551,4921,1709,3212,8627200,6063178.592
95041,21158390.55,2588.498966,8174,4002,4172,15297100,5861290.552
95043,5767470.788,2118.835705,2722,0,2722,0,5767470.788
95044,4906879.088,2146.49129,2286,,2286,,4906879.088
95045,70339192.55,2448.45421,28728,10831,17897,37676700,32662492.55
95046,144911502.1,3889.301971,37259,16275,20984,83131800,61779702.14
95050,460881300,3343.887309,137828,137828,0,460881300,0
95051,738082200,3802.665691,194096,194096,,738082200,
95054,262056400,3194.874671,82024,82024,,262056400,
95060,862831939.9,2410.980172,357876,155491,202385,568472200,294359739.9
95062,740159132,2315.131549,319705,152805,166900,523058400,217100732
95064,13852977.85,1476.076489,9385,4664,4721,10009800,3843177.852
95065,156206046.5,2596.769068,60154,24888,35266,92611000,63595046.5
95066,344322359.3,3031.780642,113571,49917,63654,223658600,120663759.3
95070,1087471561,3924.884096,277071,135767,141304,730268500,357203061.3
95073,191812886.7,2751.188851,69720,29273,40447,111426600,80386286.68
95075,13285686.47,2980.189877,4458,1988,2470,7722400,5563286.472
95076,1137997066,2274.747571,500274,218885,281389,722894600,415102466.5
95110,271112208.9,1983.336691,136695,52911,83784,158115200,112997008.9
95111,797310924.8,2462.6832,323757,145684,178073,476685800,320625124.8
95112,827250370.3,2038.179967,405877,163128,242749,495565500,331684870.3
95113,36233725.49,2045.138877,17717,1745,15972,12046600,24187125.49
95116,637793340.2,2111.996385,301986,140815,161171,400041700,237751640.2
95117,546930478.8,2119.26951,258075,112756,145319,361686400,185244078.8
95118,663686177.7,2369.520758,280093,130501,149592,422130700,241555477.7
95119,203208485.8,2583.640414,78652,37813,40839,130886700,72321785.84
95120,1036247618,3238.466091,319981,155742,164239,674914000,361333618.3
95121,597195913,2581.129416,231370,112855,118515,365088700,232107213
95122,695220392,2388.794409,291034,131754,159280,429068400,266151992
95123,1317177048,2442.754225,539218,246905,292313,811782300,505394747.9
95124,1109260311,2580.791485,429814,208492,221322,720667000,388593311.2
95125,1300293913,2699.715998,481641,225011,256630,840698100,459595813.1
95126,645930914.7,2087.945238,309362,118740,190622,385766000,260164914.7
95127,980840053.2,2553.306833,384145,183451,200694,618139400,362700653.2
95128,687233905,2190.687186,313707,137657,176050,444737500,242496405
95129,779452052.8,2365.402167,329522,143149,186373,523798000,255654052.8
95130,282844523.4,2321.994921,121811,58071,63740,190586500,92258023.36
95131,487106216.5,2191.240622,222297,106631,115666,298700500,188405716.5
95132,710000426.7,2355.667124,301401,146529,154872,457279800,252720626.7
95133,429641345.1,2275.016124,188852,85457,103395,264608900,165032445.1
95134,510705288,1991.962369,256383,102054,154329,315836800,194868488
95135,482040790.2,2642.405318,182425,88896,93529,315714600,166326190.2
95136,856255961.2,2598.344843,329539,140485,189054,515693200,340562761.2
95138,446969468.6,3039.182075,147069,71755,75314,284869600,162099868.6
95139,148751084.7,2629.318851,56574,27511,29063,93666600,55084484.67
95140,3783324.548,2712.060608,1395,0,1395,0,3783324.548
95141,0,0,0,,0,,0
95148,775952863.3,2627.881153,295277,145842,149435,480792600,295160263.3
95202,115546624.4,1776.574431,65039,26982,38057,64976400,50570224.42
95203,327386322.1,2327.914972,140635,69017,71618,201485600,125900722.1
95204,750190351.1,2581.4689,290606,143273,147333,460337000,289853351.1
95205,673046795.3,2534.243019,265581,131329,134252,408217100,264829695.3
95206,1123730441,2571.359626,437018,216545,220473,656968500,466761941.2
95207,1136423254,2469.626334,460160,219314,240846,682081600,454341653.9
95209,958643178.6,2871.556156,333841,166634,167207,563870500,394772678.6
95210,762006529.3,2575.608083,295855,147060,148795,444821400,317185129.3
95211,0,0,0,,0,,0
95212,603800916,3324.400645,181627,88878,92749,330752900,273048016
95215,432712673.3,2841.970033,152258,67507,84751,228020000,204692673.3
95219,739351749.2,2611.544491,283109,140473,142636,441490400,297861349.2
95220,150426051,3434.227911,43802,12934,30868,50725200,99700850.98
95222,78864896.35,2673.567576,29498,,29498,,78864896.35
95223,107186775.6,1146.713763,93473,,93473,,107186775.6
95224,6963482.56,2402.029169,2899,,2899,,6963482.56
95225,31968703.29,3276.153238,9758,,9758,,31968703.29
95227,25555982.64,3671.309099,6961,1401,5560,6934300,18621682.64
95228,76584602.16,2215.797302,34563,,34563,,76584602.16
95229,4711194.064,2365.057261,1992,,1992,,4711194.064
95230,5993089.288,2700.806349,2219,,2219,,5993089.288
95231,57979590.86,2987.406784,19408,8744,10664,28236600,29742990.86
95232,6250077.716,2487.098176,2513,,2513,,6250077.716
95233,6493158.832,2002.207472,3243,,3243,,6493158.832
95236,88692135.42,3169.160846,27986,8082,19904,28738000,59954135.42
95237,83240118.81,2994.248878,27800,13179,14621,48141100,35099018.81
95240,652473413.4,3301.122242,197652,169853,27799,568914400,83559013.35
95242,496178507.7,3563.169704,139252,121617,17635,444208500,51970007.66
95245,20747580.42,2599.295968,7982,,7982,,20747580.42
95246,23038400.63,2522.268516,9134,,9134,,23038400.63
95247,65891670.53,2395.97362,27501,,27501,,65891670.53
95248,17517637.91,2513.290949,6970,,6970,,17517637.91
95249,77130905.92,2686.832686,28707,9384,19323,27456700,49674205.92
95251,9363807.5,2572.474588,3640,,3640,,9363807.5
95252,179747303.5,2848.519912,63102,3239,59863,9541700,170205603.5
95254,17766178.23,2982.403597,5957,,5957,,17766178.23
95255,30388906.35,2260.406601,13444,,13444,,30388906.35
95257,7238203.152,2177.558108,3324,,3324,,7238203.152
95258,113273773.5,3184.2626,35573,17699,17874,69855200,43418573.47
95301,738434729.7,2689.589004,274553,138158,136395,415895200,322539529.7
95303,0,0,0,0,0,0,0
95304,281316656.9,3305.951734,85094,36088,49006,138276500,143040156.9
95306,14926404.75,2397.430894,6226,,6226,,14926404.75
95307,461545500,3021.69316,152744,152744,0,461545500,0
95309,3530478.288,2307.502149,1530,,1530,,3530478.288
95310,26096153.14,2891.540514,9025,,9025,,26096153.14
95311,30528208.07,2070.410856,14745,,14745,,30528208.07
95313,4989500,3391.910265,1471,1471,0,4989500,0
95315,96631300,2888.914467,33449,33449,,96631300,
95316,64669300,3147.384046,20547,20547,0,64669300,0
95317,9965001.9,3829.747079,2602,,2602,,9965001.9
95318,5701861.44,2193.867426,2599,,2599,,5701861.44
95319,37434900,2877.173161,13011,13011,,37434900,
95320,255851970.4,2868.263477,89201,36508,52693,115549500,140302470.4
95321,76845623.57,1730.484463,44407,,44407,,76845623.57
95322,186514605.1,2546.065921,73256,30129,43127,87815200,98699405.09
95323,6831000,3071.492806,2224,2224,,6831000,
95324,64369100,2888.06084,22288,22288,0,64369100,0
95325,0,0,0,,0,,0
95326,98571000,3273.587725,30111,30111,,98571000,
95327,79790322.87,2483.127093,32133,,32133,,79790322.87
95328,39492500,2631.605251,15007,15007,,39492500,
95329,34567756.76,2390.743257,14459,,14459,,34567756.76
95330,410419531.5,2719.198666,150934,77748,73186,239110900,171308631.5
95333,29995727.94,2735.83801,10964,0,10964,0,29995727.94
95334,223323488.6,2608.157532,85625,45122,40503,132000500,91322988.64
95335,6186239.196,752.5838438,8220,,8220,,6186239.196
95336,1031606783,2558.36456,403229,197011,206218,577228300,454378483
95337,782136375.9,2650.572979,295082,143641,151441,431273800,350862575.9
95338,153620629,2269.70774,67683,,67683,,153620629
95340,836979300.5,2727.107534,306911,148122,158789,466908700,370070600.5
95341,445663425.4,2458.480027,181276,92630,88646,252675700,192987725.4
95345,8322748.296,2036.395472,4087,,4087,,8322748.296
95346,26092260.05,1340.952824,19458,,19458,,26092260.05
95348,616998837.9,2534.094677,243479,129955,113524,369205900,247792937.9
95350,759260500,3211.639574,236409,236409,,759260500,
95351,437101500,3091.678455,141380,141380,,437101500,
95354,322204100,2961.516402,108797,108797,,322204100,
95355,835430500,3215.135678,259843,259843,,835430500,
95356,485639200,3605.874666,134680,134680,0,485639200,0
95357,109391300,3287.492111,33275,33275,0,109391300,0
95358,280286600,3216.398334,87143,87143,,280286600,
95360,242801660.4,2547.013054,95328,44502,50826,126112400,116689260.4
95361,703129662.2,2837.454196,247803,112045,135758,345613700,357515962.2
95363,272496751.2,3043.874214,89523,84259,5264,259655000,12841751.22
95364,9960358.168,764.1241402,13035,,13035,,9960358.168
95365,76090836.29,2397.316833,31740,15481,16259,45276300,30814536.29
95366,362611535.4,2850.742029,127199,68608,58591,222290200,140321335.4
95367,468008853.9,2817.921484,166083,97422,68661,306184900,161823953.9
95368,153468800,2918.101612,52592,52592,,153468800,
95369,13597434.16,2861.412912,4752,,4752,,13597434.16
95370,375592779.2,2328.434471,161307,,161307,,375592779.2
95372,22409572.44,2312.649375,9690,,9690,,22409572.44
95374,26276774.18,3847.82167,6829,,6829,,26276774.18
95375,4307455.516,816.4244723,5276,,5276,,4307455.516
95376,1104752145,2608.666837,423493,207598,215895,621228300,483523845
95377,676246999.1,2975.731996,227254,111742,115512,378143200,298103799.1
95379,47565323.79,2173.917906,21880,,21880,,47565323.79
95380,436436800,2856.579593,152783,152783,,436436800,
95382,488565100,3228.26153,151340,151340,,488565100,
95383,60558485.92,1621.421883,37349,,37349,,60558485.92
95385,0,0,0,0,0,0,0
95386,88688700,2774.20939,31969,31969,0,88688700,0
95387,14868391.32,1975.603418,7526,3250,4276,6861700,8006691.324
95388,205816486.1,2502.571509,82242,38771,43471,104187200,101629286.1
95389,10285477.41,1830.481832,5619,,5619,,10285477.41
95391,231352700,3759.143052,61544,61544,0,231352700,0
95401,756958320.9,2410.610841,314011,145660,168351,471514700,285443620.9
95403,920187201.7,2487.133599,369979,173755,196224,568572000,351615201.7
95404,1004178215,2733.960476,367298,168238,199060,630625300,373552915
95405,594804108,2614.810893,227475,109877,117598,410292200,184511908
95407,699050011.7,2520.734212,277320,134386,142934,422940200,276109811.7
95409,814314055.5,2791.844566,291676,141551,150125,550938500,263375555.5
95410,15035308.96,3028.25961,4965,,4965,,15035308.96
95412,4267190.504,3323.35709,1284,,1284,,4267190.504
95415,14721606.27,2022.754365,7278,,7278,,14721606.27
95417,0,0,0,,0,,0
95419,7015549.68,2247.133145,3122,,3122,,7015549.68
95420,3988761.068,2421.834285,1647,,1647,,3988761.068
95421,21317971.28,1920.364947,11101,,11101,,21317971.28
95422,239543223.4,2575.872073,92995,,92995,,239543223.4
95423,72708576.98,2387.880619,30449,,30449,,72708576.98
95425,250525900.6,2597.469161,96450,41717,54733,139832500,110693400.6
95426,29056544.23,2084.699687,13938,,13938,,29056544.23
95427,3201216.876,2868.473903,1116,,1116,,3201216.876
95428,31291387.17,3162.982631,9893,,9893,,31291387.17
95429,0,0,0,,0,,0
95432,2591144.452,1515.289153,1710,,1710,,2591144.452
95435,5019168.008,2791.528369,1798,,1798,,5019168.008
95436,120835261.5,2684.333255,45015,13300,31715,49076500,71758761.48
95437,166561311.1,2142.12991,77755,,77755,,166561311.1
95439,16901396.38,3137.441319,5387,2322,3065,9068700,7832696.384
95441,41593661.64,3065.344656,13569,3635,9934,14661200,26932461.64
95442,91625165.84,2777.867022,32984,11968,21016,44489000,47136165.84
95443,5043710.524,2394.924275,2106,,2106,,5043710.524
95444,19105388.31,2790.73741,6846,3295,3551,11007600,8097788.312
95445,30835997.77,2020.04571,15265,,15265,,30835997.77
95446,83849323.37,2228.671913,37623,,37623,,83849323.37
95448,335296729,3380.654853,99181,66163,33018,243310700,91986028.96
95449,26507981.27,2806.859516,9444,2713,6731,9419300,17088681.27
95450,7056469.796,1754.467876,4022,,4022,,7056469.796
95451,179020031.2,2697.669282,66361,,66361,,179020031.2
95452,45096161.09,3243.161531,13905,4826,9079,21513700,23582461.09
95453,161235360,2587.092405,62323,,62323,,161235360
95454,29984714,3005.383783,9977,,9977,,29984714
95456,10702649,2803.942626,3817,,3817,,10702649
95457,46161845.36,2804.997591,16457,,16457,,46161845.36
95458,49179435.22,2474.561498,19874,,19874,,49179435.22
95459,8186858.572,1801.685425,4544,,4544,,8186858.572
95460,36928144.24,2357.215897,15666,,15666,,36928144.24
95461,33169413.39,2569.678756,12908,,12908,,33169413.39
95462,26855794,2229.992028,12043,,12043,,26855794
95463,361347.86,3577.701584,101,,101,,361347.86
95464,41026928.66,2430.793261,16878,,16878,,41026928.66
95465,26657143.94,3462.866192,7698,,7698,,26657143.94
95466,10752000.17,2282.318016,4711,,4711,,10752000.17
95467,83465988.58,2713.105857,30764,,30764,,83465988.58
95468,12563772.17,2116.895058,5935,,5935,,12563772.17
95469,20842389.66,2759.119627,7554,,7554,,20842389.66
95470,120227052.8,3244.907095,37051,10604,26447,43896300,76330752.77
95471,11978228.62,2039.889069,5872,,5872,,11978228.62
95472,358394654.1,3279.899827,109270,44529,64741,191193900,167200754.1
95476,984772415.2,2883.827842,341481,158589,182892,623698300,361074115.2
95480,0,0,0,,0,,0
95482,560668696.9,3238.407315,173131,109456,63675,398149200,162519496.9
95485,37395697.42,2683.773319,13934,,13934,,37395697.42
95486,2435864.332,1294.983696,1881,,1881,,2435864.332
95488,4709955.508,2273.14455,2072,,2072,,4709955.508
95490,250100626.3,2735.642303,91423,29898,61525,113343200,136757426.3
95492,640814426.6,2840.13698,225628,107816,117812,402589600,238224826.6
95493,0,0,0,,0,,0
95494,1846632.404,1935.673379,954,,954,,1846632.404
95497,33697765,1453.492279,23184,,23184,,33697765
95501,650176624.3,2623.234838,247853,120807,127046,475391100,174785524.3
95503,722913516.7,3103.019332,232971,111645,121326,487763100,235150416.7
95511,9087295.608,4507.587107,2016,,2016,,9087295.608
95514,0,0,0,,0,,0
95518,15993053.95,3542.989356,4514,,4514,,15993053.95
95519,481662442.5,2969.961663,162178,76465,85713,293783300,187879142.5
95521,460444357.2,2450.801635,187875,86430,101445,307062500,153381857.2
95524,55300139.77,3626.476475,15249,6477,8772,34932100,20368039.77
95525,43744250.66,2587.957798,16903,7540,9363,27732400,16011850.66
95526,13259127.54,2105.626098,6297,0,6297,0,13259127.54
95527,12191103.3,2614.994272,4662,,4662,,12191103.3
95528,35406478.82,3806.329695,9302,3541,5761,14926000,20480478.82
95536,33098955.59,2186.048186,15141,,15141,,33098955.59
95537,11360459.62,2840.825112,3999,1920,2079,7012200,4348259.624
95540,364905306.5,2779.84967,131268,62171,69097,242996000,121909306.5
95542,45391115.5,4296.773523,10564,,10564,,45391115.5
95546,223472447.5,19173.95517,11655,,11655,,223472447.5
95547,33423470.91,3298.477343,10133,3718,6415,15597900,17825570.91
95549,19655624.41,4701.177806,4181,0,4181,0,19655624.41
95550,0,0,0,,0,,0
95551,36554090.85,2847.113549,12839,4702,8137,19300900,17253190.85
95552,6246836.316,2584.541297,2417,0,2417,0,6246836.316
95553,18555349.94,4711.871494,3938,,3938,,18555349.94
95554,12148760.38,4022.768336,3020,,3020,,12148760.38
95555,5631376.344,2704.791712,2082,,2082,,5631376.344
95556,8219753.664,2453.65781,3350,,3350,,8219753.664
95558,6889189.672,3417.256782,2016,,2016,,6889189.672
95560,31336306.15,3984.272874,7865,,7865,,31336306.15
95562,90470996.56,2760.281809,32776,15726,17050,54729000,35741996.56
95563,11747594.48,2792.392317,4207,,4207,,11747594.48
95564,0,0,0,0,0,0,0
95565,18332108.52,2662.615617,6885,2966,3919,10855700,7476408.52
95568,0,0,0,,0,,0
95569,4891347.664,3078.255295,1589,,1589,,4891347.664
95570,53197693.02,3535.670146,15046,,15046,,53197693.02
95571,6564046.544,4059.397986,1617,,1617,,6564046.544
95573,36353583.91,2857.986157,12720,,12720,,36353583.91
95585,9084026.912,3000.008888,3028,,3028,,9084026.912
95587,0,0,0,,0,,0
95589,8740810.42,5705.48983,1532,,1532,,8740810.42
95595,0,0,0,,0,,0
95601,4782566.28,2328.41591,2054,,2054,,4782566.28
95602,336564708.5,3007.136296,111922,20876,91046,89078100,247486608.5
95603,756273383.1,2935.00075,257674,111763,145911,428377300,327896083.1
95605,299117080.7,2416.834304,123764,59376,64388,185602700,113514380.7
95606,9713892.348,3270.670824,2970,0,2970,0,9713892.348
95607,6179933.82,2988.362582,2068,0,2068,0,6179933.82
95608,1065313200,3991.731115,266880,266880,,1065313200,
95610,602002200,3402.930353,176907,176907,,602002200,
95612,24351780.54,3140.544305,7754,1980,5774,7753100,16598680.54
95613,5753771.608,2319.134062,2481,,2481,,5753771.608
95614,56321126.54,2658.161532,21188,,21188,,56321126.54
95615,0,0,0,,0,,0
95616,953261610,2264.446099,420969,196196,224773,590592900,362668710
95618,558769426.7,2319.729267,240877,118526,122351,345430800,213338626.7
95619,61014373.48,2399.401214,25429,,25429,,61014373.48
95620,428266533.1,2565.422691,166938,77180,89758,234626000,193640533.1
95621,506756200,3108.743022,163010,163010,,506756200,
95623,60243179.59,2741.44162,21975,,21975,,60243179.59
95624,775598800,3613.335259,214649,214649,,775598800,
95625,3137705.908,2263.857076,1386,,1386,,3137705.908
95626,44966607.38,3200.242501,14051,10934,3117,34683300,10283307.38
95627,73411865.28,2741.192087,26781,11025,15756,33682800,39729065.28
95628,770783200,4064.754833,189626,189626,,770783200,
95629,13302736.31,2492.082486,5338,,5338,,13302736.31
95630,1208885600,3628.29316,333183,333183,0,1208885600,0
95631,84029845.47,2794.939147,30065,,30065,,84029845.47
95632,313925995.4,3211.584845,97748,93341,4407,299503700,14422295.4
95633,42935331.91,2637.79148,16277,,16277,,42935331.91
95634,41265052.14,2433.941969,16954,0,16954,0,41265052.14
95635,15899756.22,2649.076345,6002,0,6002,0,15899756.22
95636,15915420.72,1978.299654,8045,,8045,,15915420.72
95637,6494025.48,3064.665163,2119,,2119,,6494025.48
95640,163563906.3,2643.32891,61878,21785,40093,65176300,98387606.3
95641,40778743.46,2631.056421,15499,4855,10644,13258500,27520243.46
95642,175890368.6,2586.014594,68016,25882,42134,85879700,90010668.62
95645,16258630.38,2729.790192,5956,,5956,,16258630.38
95648,1361260399,2700.892054,504004,239808,264196,780476900,580783498.7
95650,321025273.2,3527.556433,91005,30226,60779,132511700,188513573.2
95651,11558634.5,2562.321992,4511,,4511,,11558634.5
95652,9357500,3100.563287,3018,3018,,9357500,
95653,6682726.14,3277.452742,2039,,2039,,6682726.14
95656,9287085.268,2725.083705,3408,,3408,,9287085.268
95658,108075839.4,3222.29694,33540,2932,30608,11247500,96828339.36
95659,9886655.556,2745.530563,3601,,3601,,9886655.556
95660,388874200,3369.647762,115405,115405,0,388874200,0
95661,525693331.2,3671.273552,143191,141828,1363,521693000,4000331.16
95662,480361500,3790.432415,126730,126730,,480361500,
95663,54153583.82,3035.344645,17841,3700,14141,12872700,41280883.82
95664,22733552.08,3056.817544,7437,,7437,,22733552.08
95665,69920829.68,2503.162198,27933,,27933,,69920829.68
95666,88007565.3,1939.304231,45381,,45381,,88007565.3
95667,504081162.1,2613.7019,192861,,192861,,504081162.1
95668,12046202.48,3108.697414,3875,,3875,,12046202.48
95669,35194401.27,2616.489575,13451,,13451,,35194401.27
95670,796635300,3309.550576,240708,240708,,796635300,
95672,67100293.05,2986.216869,22470,,22470,,67100293.05
95673,180734000,3296.862459,54820,54820,,180734000,
95674,10002059.63,3012.668564,3320,,3320,,10002059.63
95675,5396183.772,2314.965153,2331,,2331,,5396183.772
95676,5910375.584,3342.972615,1768,,1768,,5910375.584
95677,696532025.7,2844.729531,244850,119358,125492,401955600,294576425.7
95678,645645400,3136.11918,205874,205874,0,645645400,0
95679,0,0,0,,0,,0
95681,23403989.79,2713.820709,8624,2528,6096,7113000,16290989.79
95682,423177612.8,2879.660389,146954,,146954,,423177612.8
95684,50083526.5,2546.965343,19664,,19664,,50083526.5
95685,110049832.4,2601.220422,42307,14136,28171,48225300,61824532.41
95686,23905236.85,2703.600639,8842,3846,4996,11541500,12363736.85
95687,1396041910,2474.641728,564139,278360,285779,813116900,582925009.8
95688,884261107.7,2694.439355,328180,149007,179173,464392200,419868907.7
95689,21199339.45,2309.799461,9178,,9178,,21199339.45
95690,23195192.26,2786.878801,8323,0,8323,0,23195192.26
95691,863285719.2,2696.857683,320108,152036,168072,511450000,351835719.2
95692,109820500.5,2656.133616,41346,17626,23720,53034100,56786400.5
95694,179946094.3,2484.242345,72435,30297,42138,85240500,94705594.26
95695,866950761.5,2572.149667,337053,153130,183923,489370100,377580661.5
95697,10232539.8,2599.070308,3937,1833,2104,5975500,4257039.804
95698,0,0,0,0,0,0,0
95701,12772678.7,2020.034587,6323,,6323,,12772678.7
95703,23009630.64,2816.011583,8171,,8171,,23009630.64
95709,66202868.81,2539.524677,26069,,26069,,66202868.81
95713,133231175.5,2751.516398,48421,,48421,,133231175.5
95714,5671395.692,1784.580142,3178,,3178,,5671395.692
95715,2820635.572,1440.569751,1958,,1958,,2820635.572
95717,2667975.868,2197.673697,1214,,1214,,2667975.868
95720,3591385.9,646.8634546,5552,,5552,,3591385.9
95721,1633720.192,474.7806428,3441,,3441,,1633720.192
95722,88584907.82,3479.785828,25457,2669,22788,23742400,64842507.82
95724,0,0,0,,0,,0
95726,118201847.8,2250.99213,52511,,52511,,118201847.8
95728,27179916.94,1333.918185,20376,,20376,,27179916.94
95735,4159712.504,532.2047728,7816,,7816,,4159712.504
95736,4485067.176,2493.089036,1799,,1799,,4485067.176
95742,178915500,3296.219532,54279,54279,,178915500,
95746,834024114,4681.662414,178147,91117,87030,527547400,306476714
95747,1086145736,3578.285867,303538,297156,6382,1065201600,20944135.5
95757,615602300,3410.06675,180525,180525,,615602300,
95758,902531400,3328.004041,271193,271193,,902531400,
95762,1338545879,3602.182707,371593,171575,200018,801138300,537407578.6
95765,959959513.5,2819.935178,340419,169442,170977,576139000,383820513.5
95776,462154491,2395.836635,192899,95132,97767,276367000,185787491
95811,68171800,2010.137406,33914,33914,,68171800,
95814,108451400,3975.199765,27282,27282,,108451400,
95815,311260000,3238.277552,96119,96119,0,311260000,0
95816,292449600,2840.364406,102962,102962,,292449600,
95817,202721800,2902.286361,69849,69849,0,202721800,0
95818,401258900,3316.792309,120978,120978,,401258900,
95819,357270100,3687.911351,96876,96876,,357270100,
95820,507984900,3277.914075,154972,154972,,507984900,
95821,590957300,3704.898845,159507,159507,0,590957300,0
95822,719531400,3838.155845,187468,187468,,719531400,
95823,791329300,3415.805013,231667,231667,0,791329300,0
95824,324010800,3324.278738,97468,97468,,324010800,
95825,422843200,4023.859008,105084,105084,,422843200,
95826,483556700,3137.676251,154113,154113,,483556700,
95827,197935500,3656.804242,54128,54128,,197935500,
95828,612650300,3334.06057,183755,183755,,612650300,
95829,388054300,3613.404039,107393,107393,,388054300,
95830,0,0,0,0,,0,
95831,651638500,3620.11333,180005,180005,,651638500,
95832,132323500,3557.848462,37192,37192,,132323500,
95833,397791100,3091.921029,128655,128655,,397791100,
95834,312711500,2717.64711,115067,115067,0,312711500,0
95835,560078700,3182.807865,175970,175970,,560078700,
95837,0,0,0,0,0,0,0
95838,416807700,3183.731038,130918,130918,,416807700,
95841,276069500,3091.345292,89304,89304,,276069500,
95842,345914300,3081.888971,112241,112241,,345914300,
95843,628842000,3402.566905,184814,184814,,628842000,
95864,579899600,4844.729609,119697,119697,,579899600,
95901,717463066.8,2555.058803,280801,122760,158041,366704400,350758666.8
95903,0,0,0,,0,,0
95910,0,0,0,,0,,0
95912,91418772,2729.488908,33493,13417,20076,40388900,51029872
95913,5487478.656,2873.025474,1910,,1910,,5487478.656
95914,20015030.84,3007.969769,6654,,6654,,20015030.84
95915,0,0,0,0,0,0,0
95916,28090862.93,2603.657701,10789,,10789,,28090862.93
95917,55656556.13,3240.36773,17176,10536,6640,37571100,18085456.13
95918,36362977.15,2971.074201,12239,,12239,,36362977.15
95919,17010399.76,2422.788742,7021,,7021,,17010399.76
95920,3308230.844,2443.301953,1354,0,1354,0,3308230.844
95922,9476949.42,2052.620624,4617,,4617,,9476949.42
95923,0,0,0,,0,,0
95925,3122686.284,2010.744549,1553,,1553,,3122686.284
95926,923314694.6,2326.069538,396942,192573,204369,550244100,373070594.6
95928,845827445,2341.300116,361264,168666,192598,466528200,379299245
95930,3296667.576,1595.676465,2066,,2066,,3296667.576
95932,184838000.2,2696.200135,68555,31213,37342,101706200,83131800.24
95934,3269705.952,1872.683821,1746,,1746,,3269705.952
95935,15199480.76,2648.91613,5738,,5738,,15199480.76
95936,4466833.448,1534.994312,2910,,2910,,4466833.448
95937,25404047.44,2671.017499,9511,2953,6558,8401700,17002347.44
95938,101775939.3,3037.725027,33504,14280,19224,52274500,49501439.3
95939,6006095.832,2447.471814,2454,,2454,,6006095.832
95941,7345725.508,2455.122162,2992,,2992,,7345725.508
95942,26150451.71,2101.450635,12444,,12444,,26150451.71
95943,11001557.26,2800.09093,3929,0,3929,0,11001557.26
95944,0,0,0,,0,,0
95945,614692171.9,2760.663843,222661,83072,139589,319929700,294762471.9
95946,174831506.8,2807.455869,62274,3645,58629,19327000,155504506.8
95947,24241430.88,1794.465237,13509,,13509,,24241430.88
95948,199454098.6,3073.489461,64895,44404,20491,149232700,50221398.6
95949,334101234.2,3103.53021,107652,4625,103027,21066100,313035134.2
95950,4990776.756,2856.769752,1747,,1747,,4990776.756
95951,47542065.5,2499.845699,19018,9364,9654,30513200,17028865.5
95953,218933214.3,2637.940264,82994,38761,44233,122548800,96384414.27
95954,179375513.9,2637.448558,68011,,68011,,179375513.9
95955,29832967.18,2780.591591,10729,4200,6529,12808800,17024167.18
95956,6055218.396,1809.148012,3347,,3347,,6055218.396
95957,15097554.29,2775.285715,5440,1926,3514,6273300,8824254.292
95959,430751520.8,3216.627991,133914,36979,96935,198310000,232441520.8
95960,11770813.14,3068.512288,3836,0,3836,0,11770813.14
95961,536758816.8,2674.833392,200670,98157,102513,299966300,236792516.8
95962,20604638.09,2617.126647,7873,,7873,,20604638.09
95963,290509419.1,2531.56219,114755,41023,73732,108831300,181678119.1
95965,394213353.4,2586.922463,152387,62061,90326,186609200,207604153.4
95966,612575712.7,2758.08283,222102,72910,149192,236749000,375826712.7
95968,33842988.47,2634.925917,12844,5724,7120,18526500,15316488.47
95969,899944720.1,2962.117847,303818,140851,162967,558751800,341192920.1
95970,14660899.75,2874.686225,5100,2113,2987,7142800,7518099.748
95971,57497911.69,1939.875563,29640,,29640,,57497911.69
95972,0,0,0,,0,,0
95973,801029599.9,2520.086328,317858,142655,175203,412434900,388594699.9
95974,9950457.848,3159.878643,3149,1382,1767,5215100,4735357.848
95975,26260034.91,2834.020603,9266,0,9266,0,26260034.91
95977,26978155.14,3130.079492,8619,,8619,,26978155.14
95978,3629300.044,2002.924969,1812,,1812,,3629300.044
95979,9613057.512,1965.860432,4890,,4890,,9613057.512
95981,3070008.416,686.9564592,4469,,4469,,3070008.416
95982,79388349.51,2692.864879,29481,14031,15450,41839600,37548749.51
95983,7576107.16,2102.138502,3604,,3604,,7576107.16
95984,3639167.548,1893.427444,1922,,1922,,3639167.548
95986,2341781.844,1695.714587,1381,,1381,,2341781.844
95987,102796059.6,2478.984724,41467,18379,23088,52772400,50023659.55
95988,199728975.5,2464.907324,81029,36302,44727,103679200,96049775.55
95991,947985577.4,2613.942833,362665,175187,187478,550171500,397814077.4
95993,883620200.8,2900.977041,304594,146853,157741,521402100,362218100.8
96001,488167879.5,3666.217655,133153,112150,21003,413893000,74274879.46
96002,509551202.3,3473.375975,146702,122253,24449,432511900,77039302.34
96003,693394315.3,3359.191904,206417,145879,60538,505849600,187544715.3
96007,492598153.3,2770.409226,177807,61382,116425,189307500,303290653.3
96008,13230173.3,3101.306447,4266,,4266,,13230173.3
96009,4134108.856,2186.202462,1891,,1891,,4134108.856
96010,0,0,0,,0,,0
96013,133841602.8,3109.9917,43036,20381,22655,94173800,39667802.82
96016,6172004.332,2065.597166,2988,,2988,,6172004.332
96019,121492000,3217.64924,37758,37758,0,121492000,0
96020,34486039.36,1616.028086,21340,,21340,,34486039.36
96021,297183893.7,2637.22751,112688,35338,77350,100077700,197106193.7
96022,281609576.6,2916.209229,96567,17418,79149,57693900,223915676.6
96028,37037363.98,2710.381557,13665,4408,9257,18353600,18683763.98
96033,6181213.32,2679.329571,2307,,2307,,6181213.32
96035,51270005.41,2571.600813,19937,5385,14552,14574000,36696005.41
96040,4033103.42,1987.72963,2029,,2029,,4033103.42
96047,9616271.616,2773.657807,3467,,3467,,9616271.616
96051,19411219.44,2224.016892,8728,,8728,,19411219.44
96055,54121454.49,2823.089797,19171,,19171,,54121454.49
96056,26652357.57,2695.697134,9887,1357,8530,6720600,19931757.57
96059,8820115.536,2565.478632,3438,,3438,,8820115.536
96061,754437.556,431.1071749,1750,,1750,,754437.556
96062,18007990.08,3367.867978,5347,,5347,,18007990.08
96063,2429064.216,633.8894092,3832,,3832,,2429064.216
96065,4804457.672,1927.17917,2493,,2493,,4804457.672
96069,11248371.11,3040.100299,3700,,3700,,11248371.11
96071,3125586.484,1251.736678,2497,,2497,,3125586.484
96073,70508167.94,3344.631087,21081,,21081,,70508167.94
96075,4237291.148,1811.582363,2339,,2339,,4237291.148
96076,0,0,0,0,0,0,0
96080,623362673.3,2633.733896,236684,88953,147731,261915200,361447473.3
96084,10530186.05,3053.112801,3449,,3449,,10530186.05
96087,13758245.13,2892.210454,4757,0,4757,0,13758245.13
96088,67546449.58,2262.483657,29855,0,29855,0,67546449.58
96090,10910322.28,2440.787981,4470,2016,2454,5583600,5326722.276
96092,7126982.188,3221.963014,2212,,2212,,7126982.188
96096,9096490.948,3092.992502,2941,,2941,,9096490.948
96125,4546588.948,821.1285801,5537,,5537,,4546588.948
96137,43728226.12,1239.848766,35269,,35269,,43728226.12
96161,0,0,0,,0,,0
,,,,,,,
